smiles,name,avg_r1r2,std_r1r2,n_occurrences
C=C(C#N)CCC,alpha-n-propylacrylonitrile,986.79,0.0,2
C=C(C#N)CC,alpha-ethylacrylonitrile,875.9099999999999,0.0,2
[CH2]c1ccccc1,benzyl radical,199.5,0.0,2
CC1OC(=O)C(C)OC1=O,lactide,63.56766428571429,227.11655542821623,28
C=CCOC(=O)CCl,Allyl chloroacetate,42.265649999999994,41.73435,4
C=C,ethylene,37.19774148742138,415.7039068469827,636
Clc1ccc2cc3ccccc3cc2c1,2-Chloroanthracene,33.51199999999999,0.0,2
C=CCNC(N)=O,Allyl Urea,24.711,31.289,4
C=CC(=C)Cl,Chloroprene,24.224852777777777,55.545955582904085,36
O=C1CCCCCO1,epsilon-Caprolactone,23.339064102564105,139.3671240223047,78
C=C1COC2(CCCCCO2)O1,"2-methylene-1,4,6-trioxaspiro[4.6]undecane",19.7958,4.1358,4
C=C1COC2(CCCO2)O1,"2-methylene-1,4,6-trioxaspiro[4.4]nonane",17.816,3.604000000000002,4
[C-]#[O+],carbon monoxide,17.555400000000002,23.853573818892066,12
C=C(C)C,isobutylene,16.96461162790698,58.654247162289785,86
C=CCCCC,1-hexene,16.747005276315793,136.8832284434702,152
C1COOOC1,trioxane,16.260849999999998,17.308125809428358,14
CCN1C(=O)C=CC1=O,N-ethylmaleimide,15.232466666666667,10.576283751026265,6
C=C(C)C(=O)OC(=O)C(=C)C,Methacrylic Anhydride,14.4541,28.474643096938024,20
C=Cc1ccccc1,styrene,12.000168890374496,233.49329394709298,1984
C=CSCC(C)C,Isobutyl Vinyl Sulfide,10.6014175,16.366336346255267,20
C=CCCCCO,5-hexene-1-ol,9.6186,3.1314,4
C=C(C#N)C(=O)OCCCC,Butyl-2-cyanoacrylate,8.739999999999998,0.0,4
C=CCC,Butene-1,8.054378214285714,17.462791123690895,56
C=C(C)C(=O)OCCCC,butyl methacrylate,6.964364835614037,41.12736676443251,114
C=CCCCCCCCC,1-decene,6.83019,14.860892693405063,20
ClCC1CO1,Epichlorohydrin,6.545100000000001,15.055387159695805,24
C=C(C)OC(C)=O,Isopropenyl acetate,6.275511333333333,4.437561677796289,6
C=CC(=O)Oc1ccc(C)cc1,4-Methylphenyl acrylate,6.236525,3.2703503140909844,8
O=C1C=CC(=O)O1,Maleic Anhydride,6.14130492904,26.094574772357625,200
C1=CCCC=CCC1,"1,5-cyclooctadiene",5.952,0.0,2
C1COCO1,"1,3-dioxolane",5.911833333333331,8.519823558749454,12
CCSC=Cc1ccccc1,phenylvinyl ethyl thioether,5.6000000000000005,0.0,2
Nc1ccc(Oc2cccc(C(=O)O)c2)cc1,3-(4-aminophenoxy)benzoic acid,5.460000000000001,0.0,2
Nc1ccc(Oc2cc(Oc3ccc(N)cc3)cc(C(=O)O)c2)cc1,"3,5-bis(4-aminophenoxy)benzoic acid",5.460000000000001,0.0,2
C=CC#N,acrylonitrile,5.151567052141059,66.02819708018305,794
O=C=O,carbon dioxide,4.8950000000000005,4.675000000000001,4
CCOC(=O)C1(C)COC(=O)OC1,"ethyl 5-methyl-2-oxo-1,3-dioxane-5-carboxylate",4.699199999999999,2.5296000000000003,4
C=C(C)C(=O)OCCO,2-Hydroxyethyl methacrylate,4.618606421686747,33.923910915959524,166
C1=CCCCCCC1,cyclooctene,4.539000000000001,0.0,2
C=C(C#N)C(=O)OCC,Ethyl-2-cyanoacrylate,4.4315,4.309057234477165,8
C=C(C)C(=O)OCCC(F)(F)C(F)(F)C(F)(F)C(F)(F)C(F)(F)C(F)(F)C(F)(F)C(F)(F)F,"1H,1H,2H,2H-perfluorodecyl methacrylate",4.330966666666668,4.498661380405904,6
C=CSCC,Ethyl Vinyl Sulfide,4.23666875,6.996572132153695,8
C=CCC(C)C,4-Methyl-1-pentene,4.18315,0.9168500000000002,4
O=C1CCCN1,alpha-Pyrrolidone,3.75,0.0,2
C[Si]1(C)O[Si](C)(C)O[Si](C)(C)O[Si](C)(C)O1,octamethylcyclotetrasiloxane,3.73725,1.9504342304984292,8
C1=CCC=C1,Cyclopentadiene,3.726857142857143,3.4344915376877814,14
CC(F)=C(F)F,trifluoropropene,3.605,3.545,4
C=CCP(=O)(OCC)OCC,diethyl allylphosphonate,3.4650000000000003,0.0,2
CCC(C1CO1)N(NCc1ccccc1)NCc1ccccc1,"N,N-dibenzylaminoethyl glycidyl amine",3.3592,0.0,2
[N-]=[N+]=N[C@H]1[C@H](OCc2ccccc2)[C@@H](OCc2ccccc2)[C@@H]2OC[C@H]1O2,"1,6-Anhydro-4-azido-2,3-di-O-benzyl-4-deoxy-beta-D-glucopyranose",3.3536,0.0,2
C=CC(=O)Oc1ccc(OC)cc1,4-Methoxyphenyl acrylate,3.347666666666667,0.194370648218523,6
C=CC=CCl,"1-Chloro-1,3-butadiene",3.3415999999999997,4.533278339862518,6
C=CCCCCCCCCCO,10-undecene-1-ol,3.3078000000000003,0.8921999999999994,4
O=C1OCCCO1,trimethylene carbonate,3.2941333333333334,2.866067360610276,6
CCC(C)OC=Cc1ccccc1,Phenylvinyl sec-butyl ether,2.961,0.0,2
FC(F)=C1OC2(F)C(F)(F)C(F)(F)C(F)(F)C2(F)O1,"Perfluoro-3-methylene-2,4-dioxabicyclo[3.3.0]octane",2.9214425,0.24244749999999993,4
C=COCCCl,2-chloroethyl vinyl ether,2.912072926857143,3.645747563771283,70
CC(O)C(=O)O,lactic acid,2.9098499999999996,2.40665,4
C=CCl,Vinyl Chloride,2.8322416017647063,21.48699445832883,170
C=Cc1ccc(OC)cc1,p-Methoxystyrene,2.8002965294117645,4.794351234979251,34
C=C(C)c1ccccc1,Alpha-Methylstyrene,2.5694649056603773,12.437335365783476,106
O=S=O,sulfur dioxide,2.4401780000000004,3.8018268617515973,10
C=CCCCCCCCCC(=O)OC,methyl 10-undecenoate,2.42245,0.81595,4
c1ccc(C2=NCCO2)cc1,2-phenyl-2-oxazoline,2.394,0.6981346574981075,6
CCC1=NCCO1,2-ethyl-2-oxazoline,2.394,0.6981346574981075,6
C=CCCC(C)C,5-methylhex-1-ene,2.364,0.0,2
C=CCCCCCCCCCCCCCC,1-hexadecene,2.293766666666667,3.153887671676903,12
C1=Cc2ccccc2C1,indene,2.291561409090909,3.0219684804597553,44
C=C(CC(=O)OCC)C(=O)OCC,diethyl itaconate,2.25,0.0,2
Clc1cccc2cc3ccccc3cc12,1-Chloroanthracene,2.2326,0.0,2
C=CC,propylene,2.2019202800000004,5.141512448405031,250
C=CO[SiH3],vinyl silyl ether,2.2,0.0,2
COC(=O)C=CC(=O)OC,dimethyl maleate,2.1915299999999998,2.008015173882622,14
C=Cc1ccc(CCl)cc1,p-chloromethylstyrene,2.14555,1.14445,4
C=CCOC(=O)CCC(=O)OCC=C,diallyl succinate,2.1115,0.0,2
C=CP(=O)(OCCCl)OCCCl,bis(beta-chloroethyl) vinylphosphonate,2.0835999999999997,3.28722729059005,8
C=Cc1ccc(C=C)c(C=C)c1,"1,2,4-trivinylbenzene",2.0160000000000005,0.0,2
[NH2],nitrogen,2.0,0.0,2
O=C1C=CC(=O)N1c1cccc(Cl)c1,N-3-Chlorophenylmaleimide,1.9315344000000003,1.9171067774783541,10
C=C(CC(=O)[O-])C(=O)[O-].c1ccc([Sn+2](c2ccccc2)c2ccccc2)cc1,triphenyltin itaconate,1.882816,0.0,2
C=C(C)C(=O)OCCOC(=O)C(=C)C,ethylene glycol dimethacrylate,1.7751655,1.9911286080438777,8
[N-]=[N+]=N[C@@H]1[C@@H](OCc2ccccc2)[C@@H]2OC[C@@H](O2)[C@H]1OCc1ccccc1,"1,6-Anhydro-3-azido-2,4-di-O-benzyl-3-deoxy-beta-D-glucopyranose",1.764,0.0,2
c1ccc(CO[C@@H]2[C@@H](OCc3ccccc3)[C@@H]3OC[C@@H](O3)[C@H]2OCc2ccccc2)cc1,"1,6-Anhydro-2,3,4-tri-O-benzyl-beta-D-glucopyranose",1.7596,1.3032955561447552,6
C=C(Cl)C(=O)OC1CCCCC1,cyclohexyl alpha-chloroacrylate,1.725,0.0,2
C=C(C)C(=O)OC(C)OC(C)(C)C,1-tert-butoxyethyl methacrylate,1.7145,0.0,2
C=C(C#N)OC(C)=O,alpha-cyanovinyl acetate,1.7142999999999997,1.2247999999999999,4
C=Cc1ccc(C)cc1,p-Methylstyrene,1.7089686000000002,2.306619319802235,70
C=CCOP(=O)(CCCC)OCC=C,diallyl butylphosphonate,1.7017,0.0,2
C=C1CCC2CC1C2(C)C,beta-Pinene,1.6033243055555555,3.417020495912773,36
C=CCOC(=O)C(O)C(O)C(=O)OCC=C,diallyl tartrate,1.5853599999999999,0.4414709893073383,10
C=C(C)C(=O)OCC(C)O,2-Hydroxypropyl Methacrylate,1.5805637297297297,1.931105268434321,74
C=CCCCCCCC,1-nonene,1.57,0.25,4
C=CCCCCCCCCCC,1-dodecene,1.533095,1.8412832345065762,16
C=COC1CC(C)CCC1C(C)C,l-Menthyl vinyl ether,1.49865,1.7184987605465418,10
C=C(C)C(=O)OCCOC,2-methoxyethyl methacrylate,1.445366666666667,1.2494349931958135,6
COc1ccccc1N,2-methoxyaniline,1.4368692307692306,0.9586697397031394,26
C=C(C)C(=O)O,methacrylic acid,1.4251638863636364,5.300451277433617,176
C=CCOP(=O)(OCC=C)c1ccccc1,diallyl phenylphosphonate,1.404,0.0,2
Nc1cccc(S(=O)(=O)O)c1,3-aminobenzenesulfonic acid,1.4015454545454544,1.0886481904083334,22
C=Cc1ccc2ccc3ccccc3c2c1,3-Vinylphenanthrene,1.4,0.0,2
Nc1ccc(C(=O)O)cc1,p-aminobenzoic acid,1.3965000000000003,0.04650000000000021,4
C=CC(=O)OCCc1ccccc1,2-Phenylethyl Acrylate,1.3911267999999999,1.9493304366209336,20
C=C(C)C(=O)Oc1ccccc1C(=O)c1ccccc1,benzoylphenyl methacrylate,1.382139,0.32649129096348034,8
C=CC(=O)Oc1ccc([N+](=O)[O-])cc1,4-Nitrophenyl Acrylate,1.3813666666666666,0.31770124680621287,18
C=CCOC(=O)c1ccccc1,Allyl Benzoate,1.3765,0.4165,4
C=Cc1cc2ccccc2c2ccccc12,9-Vinylphenanthrene,1.3687999999999998,0.0,2
CC1CCOC1,3-Methyltetrahydrofuran,1.36,0.0,2
CCOC(=O)C=[N+]=[N-],ethyl diazoacetate,1.35785,0.02015,4
C=CCCCCCCCCCCCCCCCC,1-octadecene,1.35,0.0,2
C1CCC2OC2C1,cyclohexene oxide,1.330875818181818,0.5287906844595881,22
O=C1C=CC(=O)N1c1ccccc1,N-Phenylmaleimide,1.3136351800000001,3.1312385040018915,84
C=C(C)C(=O)Nc1ccc(C(=O)O)c(O)c1,2-hydroxy-4-methacrylamidobenzoic acid,1.3073666666666666,0.032547435468183276,12
C=C(C)C(=O)OCCCCCCCCCCCC,Dodecyl Methacrylate,1.3047018825,2.202691830365512,72
O,water,1.3,0.0,2
C=CC(=O)OCCCCCCCCCCCC,Dodecyl acrylate,1.290625,1.6773413909741213,8
C=C(CCCC(=C)C(=O)OC)C(=O)OC,"dimethyl 2,6-dimethyleneheptanedioate",1.288604,0.0,2
C=C(C)C(=O)Oc1ccc(C#N)cc1,4-cyanophenyl methacrylate,1.286787333333333,0.04234466774249402,6
O=S(=O)([O-])C=Cc1ccccc1.[Na+],Sodium Styrene Sulfonate,1.2827,1.9733065459893562,18
C=C(CC(=O)O)C(=O)O,itaconic acid,1.2722283333333335,1.816369771778466,24
C=CCCCCCCCCCCCC,1-tetradecene,1.2685,0.0015000000000000568,4
C=C(C)C#N,Methacrylonitrile,1.2563816774193548,5.628883935722604,124
C=C(C)C(=O)OC(C)OCCCC,1-butoxyethyl methacrylate,1.2208,0.0,2
C=CC(=O)OC,Methyl acrylate,1.2205750963354036,7.335362163227389,322
C=CC=C,Butadiene,1.2192875951612903,3.721651394712033,248
C=CC(=O)Oc1ccc(C(=O)O)cc1,p-acryloyloxybenzoic acid,1.215041,0.38560554479804876,8
C=CC(=O)[O-].[NH4+],ammonium acrylate,1.2111583333333336,0.0557375559853697,12
CC1CCOC(=O)CC1,4-methyl-epsilon-Caprolactone,1.2004000000000001,0.8869765968351889,12
C=CC(=O)OCc1ccco1,furfuryl acrylate,1.1982571428571431,0.12256183112608753,14
C=CC(C)CCCC(C)C,"3,7-dimethyl-1-octene",1.1965,0.12350000000000005,4
C=C(C)C(=O)OC(C)(c1ccccc1)c1ccccc1,"1,1-diphenylethyl methacrylate",1.1925,0.6381,4
OC(CC1CC2C=CC1C2)(C(F)(F)F)C(F)(F)F,"5-(2-trifluoromethyl-1,1,1-trifluoro-2-hydroxypropyl)-2-norbornene",1.1919569999999997,1.112703,4
C=C(C)C(=O)OCCN(C(C)C)C(C)C,2-(diisopropylamino)ethyl methacrylate,1.176125,0.19540677284833308,8
O=C1OC(=O)c2ccccc21,phthalic anhydride,1.175,0.625,4
C=CC(=O)OCCOC,2-methoxyethyl acrylate,1.1713,0.0,2
C=C(C)C(=O)OCCOP(=O)([O-])OCC[N+](C)(C)C,2-methacryloyloxyethyl phosphorylcholine,1.1713,0.0,2
C=CC(=O)NC(C)(C)CC(=O)[O-].[Na+],Sodium 3-acrylamido-3-methylbutanoate,1.1682,0.0,2
C=CC(=O)OCC,Ethyl acrylate,1.1664230037037038,1.7542506585905402,108
CC(C)OC=Cc1ccccc1,Phenylvinyl isopropyl ether,1.1556000000000002,0.0,2
C=C(C)C(=O)OC(C)OCC,1-ethoxyethyl methacrylate,1.1554000000000002,0.0,2
C=COC(=O)c1ccc(OC)cc1,vinyl p-methoxybenzoate,1.1543,0.023299999999999987,4
c1ccc(C2CO2)cc1,styrene oxide,1.1514335555555555,0.7291621015602789,18
C1CO1,ethylene oxide,1.14551,1.1130102447417094,20
C=C(C)C(=O)Oc1c(F)c(F)cc(F)c1F,"2,3,5,6-tetrafluorophenyl methacrylate",1.1319,0.0,2
C=Cc1ccc(CCCCCCCCCC)cc1,p-decyl styrene,1.1235000000000002,0.0,2
O=C(c1ccc(F)cc1)c1ccc(C(=O)c2ccc(F)cc2)cc1,"1,4-bis(4-fluorobenzoyl) benzene",1.1224,0.0,2
Cc1cc(O)cc(C)c1-c1c(C)cc(O)cc1C,"3,3',5,5'-tetramethyl-4,4'-biphenol",1.1224,0.0,2
C=C(C)C(=O)OCCOC(=O)CC(C)=O,2-acetoacetoxyethyl methacrylate,1.1136,0.0,2
CCCCOCC1CO1,butylglycidylether,1.1097499999999998,0.0,2
C=CC(=O)Oc1ccc(C(=O)OCc2ccccc2)cc1,4-Benzyloxycarbonylphenyl Acrylate,1.1086207666666665,0.05574370193507323,6
C=CC(=O)OCCCCCCCC,octyl acrylate,1.10545,0.49645000000000006,4
CC1(C)COC(=O)OC1,"2,2-dimethyltrimethylene carbonate",1.102475,0.14006086846439297,8
C=Cc1cccc(O)c1,m-vinyl phenol,1.1011,0.0,2
ClCC1COCO1,"4-chloromethyl-1,3-dioxolane",1.0979999999999999,0.8279999999999997,4
C=CC(=O)Oc1cccc(Cl)c1,m-chlorophenyl acrylate,1.0836,0.0,2
C=CBr,vinyl bromide,1.0825,0.10207227831296802,8
CC1(C)COC1,"3,3-dimethyloxetane",1.0706,0.1522899865388398,10
C=C(C(N)=O)C(C)(C)C,tert-butylacrylamide,1.066,0.0,2
C=C(C)C(=O)OC1(CC)CCCC1,1-Ethylcyclopentyl methacrylate,1.0647,0.0,2
C=COCCO,2-hydroxyethyl vinyl ether,1.0476,0.0,2
C=CCOC(=O)CC(O)(CC(=O)OCC=C)C(=O)OCC=C,Triallyl Citrate,1.04208,0.6098603984519736,10
C=C(C)C(=O)OC1CCC(N2C(=O)C3CCCCC3C2=O)CC1,4-hexahydrophthalimidocyclohexyl methacrylate,1.0336,0.0,2
C=C1CC(=O)N(c2ccc(OC)cc2)C1=O,N-(4-methoxyphenyl) itaconimide,1.0323000000000002,0.0,2
O=C1CCCCCN1,6-caprolactam,1.0303,1.5715190008396336,8
C=CC(C)=O,Methyl Vinyl Ketone,1.027664054054054,1.3031712639202535,74
C=C(C)C(=O)OCC1CO1,glycidyl methacrylate,1.0257951977380952,1.5630045989769579,168
CC1CC2CC1C1=C2C(=O)OC1=O,"5-methylnorbornene 2,3-dicarboxylic anhydride",1.025,0.175,4
CC12C=CCCC1C(=O)OC2=O,methyltetrahydrophthalic anhydride,1.025,0.175,4
CC(C)(c1ccc(OCC2CO2)cc1)c1ccc(OCC2CO2)cc1,diglycidyl ether of bisphenol A,1.025,0.175,8
C=C(CC(=O)OC)C(=O)OC,dimethyl itaconate,1.02,0.06000000000000005,4
C=Cc1ccc(CCCc2ccc(C=C)cc2)cc1,"1,3-bis(4-vinylphenyl)propane",1.017,0.0,2
C=CN1CCC(CC)C1=O,3-ethyl-1-vinyl-2-pyrrolidone,1.015895,0.0,2
C=Cc1ccncc1,4-Vinylpyridine,1.0126485882352942,2.2853517266834333,34
C=CC(=O)O,Acrylic Acid,1.011275805140187,2.6300076561635826,214
C=C(CC(=O)[O-])C(=O)OCCCCCCCC,mono-n-octyl itaconate,1.0071400000000001,0.13219999999999998,4
C1COC2(OC1)OCCCO2,"1,5,7,11-tetraoxaspiro[5.5]undecane",1.0048,0.0,2
C1COCCO1,p-dioxane,1.0035,0.0,2
C=CC(=O)OCC(F)(F)F,"2,2,2-trifluoroethyl acrylate",1.0034,0.11475966190260412,6
C=Cc1ccc(F)cc1,para-fluorostyrene,1.0023,0.0,2
C=C(C)C(=O)OCC(O)CO,"2,3-Dihydroxypropylmethacrylate",1.0010000000000001,0.005500000000000005,4
c1ccoc1,furan,1.001,0.0,4
O=C1CCO1,beta-propiolactone,1.001,0.0,2
NC1C(O)OC(CO)C(OC2OC(CO)C(OC3OC(CO)(C(=O)c4ccccc4C(=O)C4(CO)OC(OC5C(CO)OC(OC6C(CO)OC(O)C(N)C6O)C(N)C5O)C(N)C(O)C4O)C(O)C(O)C3N)C(O)C2N)C1O,Phthaloylchitosan,1.001,0.0,2
O=C1C(Cl)=C(Cl)C(=O)C(Cl)=C1Cl,p-chloranil,1.0009666666666666,0.004061472092179832,6
C=CCCCC=C,"1,6-heptadiene",1.00089,0.0,2
C1COCOCCO1,"1,3,6-trioxocane",1.0005,0.0,2
C1CS1,ethylene sulphide,1.0,0.0,4
C=CNC=O,N-vinylformamide,1.0,0.0,4
CC1CS1,propylene sulphide,1.0,0.0,4
C=Cc1cc(Cl)ccc1Cl,"2,5-dichlorostyrene",0.99962,1.1647059790350525,10
Nc1cccc(C(=O)O)c1,3-aminobenzoic acid,0.9996,0.0,2
C=C(C)C(=O)Oc1ccc(C(=O)O)cc1,p-methacryloyloxybenzoic acid,0.9994,0.0,2
C=C1CC1OCCCC,2-butoxy-1-methylenecyclopropane,0.9984,0.0,2
C1CN1,ethylenimine,0.9984,0.0,2
C=COC(=O)c1ccc(C#N)cc1,vinyl p-cyanobenzoate,0.9983,0.0,2
O=C1OCCCCO1,"1,3-dioxepan-2-one",0.9982,0.0,2
O=C1C=CC(=O)C=C1,p-benzoquinone,0.9968000000000001,0.0008000000000000229,4
C=C(C)C(=O)OCC(O)COc1ccc(C=O)cc1OC,3-methoxy-4-(2-hydroxy-3-methacryloyloxypropoxy)benzaldehyde,0.996,0.0,2
C=CCOCC1(CC)COC(=O)OC1,2-allyloxymethyl-2-ethyltrimethylene carbonate,0.9954,0.0,2
C=COC(=O)C(C)(C)C,vinyl pivalate,0.995325,0.034274999999999944,4
C=C1CC1CCOCCOC,2-(2-methoxyethoxy)ethyl-1-methylenecyclopropane,0.9942,0.0041999999999999815,4
C=C(C)C(=O)OCCS(=O)(=O)O,2-sulfoethyl methacrylate,0.9935,0.642257541800795,8
CCOC(C)OCC1CO1,ethoxy ethyl glycidyl ether,0.9935,0.006500000000000006,4
O=C(c1ccc(O)cc1)c1ccc(O)cc1,"4,4'-dihydroxybenzophenone",0.99,0.0,2
CCCCCCCCCCCCCCCCCCc1ccccc1C#Cc1ccccc1,octadecyl diphenylacetylene,0.99,0.0,2
C=C1CC1OCc1ccccc1,2-benzyloxy-1-methylenecyclopropane,0.99,0.0,2
Cc1ccccc1C#Cc1ccccc1,methyl diphenylacetylene,0.99,0.0,2
C=C1CC(=O)N(c2cccc(OC)c2)C1=O,N-(3-methoxyphenyl) itaconimide,0.99,0.0,2
O=C1OCCO1,ethylene carbonate,0.99,0.0,2
C=COc1ccccc1,phenyl vinyl ether,0.9897666666666667,0.013806842104148533,6
C=COC(=O)CC,vinyl propionate,0.9893126666666667,0.25679676548759117,24
C=C(C)C(=O)Oc1c(F)c(F)c(C(F)(F)F)c(F)c1F,"4-trifluoromethyl-2,3,5,6-tetrafluorophenyl methacrylate",0.989,0.0,2
C=CS(=O)(=O)O,ethylenesulfonic acid,0.9884999999999999,0.0015000000000000013,4
C=C(C)C(=O)OCCN=C=O,isocyanatoethyl methacrylate,0.984,0.07200000000000001,4
C=CC(=O)[O-].c1ccc([Sn+](c2ccccc2)c2ccccc2)cc1,triphenyltin acrylate,0.980928,0.0,2
O=CC(Cl)Cl,Dichloroacetaldehyde,0.975,0.0,2
O=CC(Cl)(Cl)Cl,Chloral,0.975,0.0,2
C=C(C)C(=O)OC1CCC(N2C(=O)c3ccccc3C2=O)CC1,4-phthalimidocyclohexyl methacrylate,0.9694,0.0,2
C=CC(=O)N(C)C,"N,N-Dimethylacrylamide",0.966573642857143,0.9560473456161354,28
C=Cn1cnnn1,1-Vinyltetrazole,0.9596666666666667,0.7273068922783253,6
C1=Cc2cccc3cccc1c23,Acenaphthylene,0.9534312500000001,0.8304516732242386,32
C=C(C)C(=O)Nc1nccs1,N-(2-thiazolyl)methacrylamide,0.952025,0.6171549496479795,8
C=C(C)C(=O)[O-].c1ccc([Sn+](c2ccccc2)c2ccccc2)cc1,Triphenyltin Methacrylate,0.9515366666666667,0.39359352389941016,12
C=C(C)C(=O)OCCOCC[N+](CC)(CC)CCCS(=O)(=O)[O-],3-[diethyl-2-(2-methacryloyloxyethoxy)ethylammonio]propanesulphonate,0.95106,0.0,2
C=C(C)C(=O)OCC(C)C,isobutyl methacrylate,0.9411430405263159,0.7702824429380389,38
C=Cc1ccc2ccccc2n1,2-Vinyl quinoline,0.9395000000000001,0.1006926346197509,6
C=C(C)c1ccc(C)cc1,p-Methyl-alpha-methylstyrene,0.9342,0.0,2
C=CC(=O)NCCCCCCCCCCCC,N-dodecylacrylamide,0.9341,0.034499999999999975,4
C=CCNC(=O)C(C)(C)N=NC(C)(C)C(=O)NCC=C,"2,2′-azobis[N-(2-propenyl)-2-methylpropionamide]",0.9310714285714285,0.1622140271747326,14
C=Cc1ccc(Oc2ccc(C=C)cc2)cc1,bis(4-vinylphenyl) ether,0.9282,0.0,2
C=COC(=O)CCC,vinyl butyrate,0.9247449999999999,0.1091940249052116,8
C=Cc1ccc(CCc2ccc(C=C)cc2)cc1,"1,2-bis(4-vinylphenyl)ethane",0.9222,0.0,2
C=Cc1ccc(Sc2ccc(C=C)cc2)cc1,bis(4-vinylphenyl) sulfide,0.9211,0.0,2
CCCCCCCCCCCCCCCCCCN1C(=O)C=CC1=O,N-octadecylmaleimide,0.9203999999999999,0.02360000000000001,4
C=CC(=O)OC1CCCCCCCCCCC1,cyclododecyl acrylate,0.9203333333333332,1.2002558986408784,12
O=C1C=CC(=O)N1c1ccc(Br)cc1,N-(4-Bromophenyl)maleimide,0.917,0.03699999999999998,4
C=C(C)C(=O)OCC(CC)CCCC,2-ethyl-n-hexyl methacrylate,0.9166577142857142,0.4930471995573516,14
CCOCC1CO1,ethyl glycidyl ether,0.9151666666666668,0.02936645856906974,6
COCC1CO1,glycidyl methyl ether,0.9151666666666668,0.02936645856906974,6
C=Cc1ccc(O[Si](C)(C)C(C)(C)C)cc1,4-(tert-butyldimethylsilyloxy)styrene,0.91485,0.08540824023476891,8
C=Cc1ccc(Cc2ccc(C=C)cc2)cc1,bis(4-vinylphenyl)methane,0.91,0.0,2
C=C(C)C(=O)Oc1ccc(NC(=O)Cc2ccc(OC)cc2)cc1,N-(4-methacryloyloxyphenyl)-2-(4-methoxyphenyl)acetamide,0.9089,0.0,2
C=CC(=O)OCCCCCCCCCCCCCCCCCC,Octadecyl acrylate,0.9078999999999998,1.2251667235052603,26
C=COCCCC,butyl vinyl ether,0.9072607500000001,0.8514985422859292,20
C=C(C)C(=O)OCC(Cl)(Cl)Cl,"2,2,2-trichloroethyl methacrylate",0.9048,0.0,2
c1scc2c1OCCO2,"3,4-ethylenedioxythiophene",0.903,0.0,2
Cc1ccc2[nH]ccc2c1,5-methylindole,0.903,0.0,2
N[C@@H](CC(Cc1ccccc1)C(=O)[O-])C(=O)[O-],gamma-Benzyl-L-glutamate,0.9,0.35445733170580634,10
C=CC(=O)OC1CC(C)CCC1C(C)C,(-)-Menthyl acrylate,0.8857333333333334,0.2620066326556553,6
C=CC(=O)OC(C)(C)C,tert-butyl acrylate,0.8803255714285712,0.3580246507929137,14
C=COC(=O)C(C)C,vinyl isobutyrate,0.8789550000000002,0.028454999999999953,4
C=C(C)C(=O)OCc1ccco1,furfuryl methacrylate,0.877975,0.009078098644539994,8
C=C(C)C(=O)OCCCCCCCC,Octyl Methacrylate,0.8771999999999999,0.4422,4
C=Cc1ccc(CCCCc2ccc(C=C)cc2)cc1,"1,4-bis(4-vinylphenyl)butane",0.8736000000000002,0.0,2
O=C1CCCO1,gamma-butyrolactone,0.86825,0.8091587406065636,8
C=CC(=O)NCCCCCCCCCCCCCCCCCC,N-Octadecylacrylamide,0.8650059999999999,0.6487412742102971,10
C=COCC(C)C,Isobutyl vinyl ether,0.8582358571428573,1.0851091794707546,28
C=CC(=O)NC(C)(C)CS(=O)(=O)O,2-acrylamido-2-methylpropane sulfonic acid,0.8540168421052631,2.324014377265639,38
Nc1ccccc1S(=O)(=O)O,2-aminobenzenesulfonic acid,0.8534,0.7526,4
Cc1ccc(N2C(=O)C=CC2=O)cc1,N-4-Methylphenylmaleimide,0.8521833333333332,0.8896452971393838,12
C=CNC(C)=O,N-Vinylacetamide,0.84705,1.1341149173841836,12
CCOC(=O)C=CC(=O)OCC,Diethyl maleate,0.8419018999999999,1.1724547633586637,6
C=COC(=O)c1ccc(Br)cc1,vinyl p-bromobenzoate,0.8377999999999999,0.0,2
C=COC(=O)Cc1ccccc1,vinyl phenylacetate,0.8375999999999999,0.04560000000000003,4
C=CC(=O)Oc1ccc(Br)cc1,p-bromophenyl acrylate,0.8363999999999999,0.0,2
C=C(CO)C(=O)OCC,ethyl alpha-hydroxymethylacrylate,0.8355782857142858,0.6258602509419025,14
C=CC(=C)C,Isoprene,0.8325995070422536,1.0914451187309815,142
C=CCOS(=O)(=O)C=C,allyl ethenesulfonate,0.8283333333333335,0.41208440343642666,6
CC1CO1,propylene oxide,0.8268769230769231,1.8751363696681027,52
C=C(C)C(=O)NCCCN(C)C,N-(3-(Dimethylamino)propyl)methacrylamide,0.82646,0.7110713370682298,10
C=C(C)C(=O)OCCCCCC,Hexyl Methacrylate,0.8234999207692307,1.3063066847913334,26
C=Cc1ccc(C=C)cc1,para-divinylbenzene,0.8205600000000001,0.5230471550443612,10
CC1(COc2ccc(S(=O)(=O)N3CCCC3)cc2)Cn2cc([N+](=O)[O-])nc2O1,6a,0.82,0.0,2
C=COCCO[Si](C)(C)C(C)(C)C,2-(tert-butyldimethylsilyloxy)ethyl vinyl ether,0.8173,0.20842539192718343,10
C=Cc1ccc(OC(C)=O)cc1,p-acetoxystyrene,0.804875,0.44857126175781703,8
C=C(C)C(N)=O,Methacrylamide,0.8026370399999999,0.6039676213989277,50
C=COC=O,Vinyl formate,0.799735,0.46633946935145865,8
c1ccc2occc2c1,benzofuran,0.7990999999999998,0.28256016468473877,6
C=C(C)C(=O)OCc1ccccc1C,2-Methylbenzyl methacrylate,0.7931,0.0,2
C=CC1CCC2OC2C1,4-vinylcyclohexene oxide,0.7866113333333334,0.45488790418837133,6
C=Cc1ccc(C(C)C)cc1,p-isopropylstyrene,0.7864,0.46291890758533516,8
ClC=Cc1ccccc1,chlorostyrene,0.7847999999999999,0.0,2
C=CC(=O)OC1C[C@@H]2CC[C@@]1(C)C2(C)C,isobornyl acrylate,0.7842333333333333,0.3649463552663901,6
C=CC(=O)C1CNCCO1,acryloylmorpholine,0.7833563333333334,0.36587641877582416,12
C=CC(=O)Oc1ccc(C(=O)CC)cc1,4-propanoylphenyl acrylate,0.7829384749999999,0.04319515724844248,8
C=C(CC(=O)[O-])C(=O)OC,monomethyl itaconate,0.7824158142857144,0.9339181030295237,14
C=C(CC(=O)[O-])C(=O)OCCCCCCCCCC,mono-n-decyl itaconate,0.7766233333333332,0.12220897975008037,6
C=C1OCCCCO1,"2-methylene-1,3-dioxepane",0.7747968333333333,0.6457922691552773,6
O=c1occo1,Vinylene Carbonate,0.7743963636363638,0.9400138189242727,22
C=C(CC(=O)[O-])C(=O)OCCCCCCCCCCCC,mono-n-dodecyl itaconate,0.7726886666666667,0.2466402954065337,6
C=C(C)C(=O)Nc1ccc(O)c(C(=O)O)c1,2-hydroxy-5-methacrylamidobenzoic acid,0.7703666666666668,0.11207117777952053,12
C=CC(=O)Oc1ccccc1Cl,ortho-Chlorophenyl acrylate,0.7670666666666666,0.3780647328464032,6
C=C(C)C(=O)OC1CCCCC1,Cyclohexyl Methacrylate,0.7659666666666666,0.2954243313533189,6
C1=CC2CCC1C2,norbornene,0.7659367666666668,1.9771531041235642,60
C=CC(=O)OCCCCCCCCCC,decyl acrylate,0.7650000000000001,0.04499999999999999,4
C=C(CC(=O)[O-])C(=O)OCc1ccccc1,monobenzyl itaconate,0.7616280000000001,0.0,2
ClC(Cl)=C(Cl)c1cccc(Cl)c1Cl,pentachlorostyrene,0.761375,0.6718512312074749,8
Nc1ccccc1C(=O)O,2-aminobenzoic acid,0.7582000000000001,0.0,2
[CH2]C=C,allyl radical,0.75,0.0,2
C=CC(N)=O,acrylamide,0.7479414778761062,1.1839143390055762,226
C=C(C)C(=O)OCc1ccc(C)cc1,4-Methylbenzyl methacrylate,0.7469,0.0,2
C=C(C)C(=O)OC(=O)c1cc([N+](=O)[O-])cc([N+](=O)[O-])c1CCO,"methacryloyl β-hydroxyethyl-3,5-dinitrobenzoate",0.73975,0.26025000000000004,4
C=C(C)C(=O)Oc1ccc2ccccc2c1,2-naphthyl methacrylate,0.7358846153846154,0.8547692129783463,26
C=CC(=O)OC(C)CC,sec-butyl acrylate,0.733041,0.338724,4
C=COC(C)=O,Vinyl acetate,0.7305912571636363,2.9835094861416063,550
C=CCCCCCC,Octene-1,0.7300103419354836,3.8758945789861627,62
C=C(C)C(=O)OCCCCC,Pentyl Methacrylate,0.7238600000000003,1.3160777785526208,6
C=C(Cl)C(=C)Cl,"2,3-dichloro-1,3-butadiene",0.7202500000000001,0.0,2
Cc1ccccc1N,o-toluidine,0.7202,0.2782,4
C=CC(=O)OCCCCCCCCCCCCCC,tetradecyl acrylate,0.7200000000000001,0.0,2
C=CC(=O)OCCCCCC,hexyl acrylate,0.7200000000000001,0.0,4
C=CC(=O)NC(C)(C)CS(=O)(=O)[O-].[Na+],Sodium 2-acrylamido-2-methylpropanesulfonate,0.7184,0.13840000000000008,4
C=CC(=O)C(C)(C)C,tert-Butyl Vinyl Ketone,0.71,0.41880783182743847,6
CCC1(CO)COC1,3-Ethyl-3-(hydroxymethyl)oxetane,0.7055999999999999,0.0,2
OCC1(CO)COC1,"3,3-Bis(hydroxymethyl)oxetane",0.7055999999999999,0.0,2
C=COCCOC,2-methoxyethyl vinyl ether,0.7029,0.0,2
C=CF,Vinyl fluoride,0.7023999999999999,0.0,6
C=Cc1nnn(C)n1,2-Methyl-5-vinyl-tetrazole,0.6942999999999999,0.2143,4
C=C[Si](C)(C)c1ccccc1,vinylphenyldimethylsilane,0.6911999999999999,0.0,4
C=C(C)C(=O)OCCN(C)C,2-dimethylaminoethyl methacrylate,0.68793125,0.2952667499168125,32
O=C1C=CC(=O)N1C1CCCCC1,N-cyclohexylmaleimide,0.6873000000000001,0.6058863283299458,14
C=CC(=O)c1ccc2sc3ccccc3c(=O)c2c1,2-acryloyl thioxanthone,0.68,0.0,2
C=C(C)c1cccc(C(C)(C)N)c1,"3-isopropenyl-alpha,alpha-dimethylbenzylamine",0.67965,0.6846019482151654,8
CC(C)[C@H](N)C(=O)O,L-Valine,0.6786857142857144,0.46064399463785305,14
C=C(C)C(=O)OCCCCCCCCCCCCCCCCCC,Stearyl methacrylate,0.6775764545454546,0.46422554283987355,22
C=C(C)C(=O)OCCN(C)c1ccc(N=Nc2cc(Cl)ccc2Cl)cc1,"N-methyl-N-[4-(2,5-dichlorophenyl)azophenyl]-2-aminoethyl methacrylate",0.67592,0.2692553761765957,10
C=CSCc1ccccc1,Benzyl Vinyl Sulfide,0.6745,0.5945,4
C=CC(=O)c1ccccc1,Phenyl Vinyl Ketone,0.6705333333333333,0.4737905397489017,6
C=C(Cl)C#N,alpha-chloroacrylonitrile,0.6689666666666666,0.473042424688902,6
C1=C2CCC(=C1)C2,Norbornadiene,0.6683,0.31460087412465976,8
C=CC(=O)OCC(CC)CCCC,2-ethylhexyl acrylate,0.6680916666666668,0.3565611692691109,24
C=Cc1ccc2cc(Cl)ccc2c1,6-Chloro-2-vinylnaphthalene,0.6600000000000001,0.06,4
C=C(OC(C)=O)C(=O)OCC,Ethyl alpha-Acetoxyacrylate,0.654625,0.39866674287555015,8
C1=CCCC1,cyclopentene,0.6537000000000001,0.6168271151627497,8
C=C(C)C(=O)Oc1ccccc1,phenyl methacrylate,0.6475333333333334,0.398036889691842,12
C=C(C)C(=O)OCC(=O)Oc1ccc(C(C)(C)C)cc1,2-(4-tert-butylphenoxy)-2-oxo-ethyl methacrylate,0.6442,0.21719999999999998,4
ClCC1(CCl)COC1,"3,3-Bis(chloromethyl)oxacyclobutane",0.6433333333333333,0.36497336280276066,6
C=C(C)C(=O)OCCCCCCC,Heptyl Methacrylate,0.6421600000000001,0.0,2
C1CCOCOC1,"1,3-dioxepane",0.6394,0.0,2
C=C1OCC(c2ccccc2)O1,"2-Methylene-4-phenyl-1,3-dioxolane",0.639,0.13619348981014717,6
C=Cc1ccccc1C=C,Divinylbenzene,0.6388666666666666,0.40510101895151485,6
C=C(C)C(=O)OCCOC(=O)c1ccccc1C(=O)O,2-(2-carboxybenzoyloxy)ethyl methacrylate,0.6375,0.0,2
C#C,acetylene,0.6359944999999999,0.7451035383353892,12
C=CCOC(=O)C(=C)C,allyl methacrylate,0.6348805333333334,0.3949357297569427,30
C=C1CC(C)OC1=O,gamma-methyl-alpha-methylene-gamma-butyrolactone,0.631,0.359,4
C=Cc1ccc(OCC2CO2)cc1,"1-Ethenyl-4-(2,3-epoxy-1-propoxy)benzene",0.624922,0.24346171024345217,6
C=Cc1ccc(Cl)cc1,p-Chlorostyrene,0.6238339999999999,0.36943022038025924,58
C=C(C)C(=O)OCCOC(C)=O,2-acetoxyethyl methacrylate,0.6229499999999999,0.37215000000000004,4
C=CCOC(=O)CCC,Allyl butyrate,0.6208,0.0,2
C=CCOC(=O)CCCC,Allyl valerate,0.6206,0.0,2
C=CC(=O)OCC(CC)[N+](=O)[O-],2-Nitrobutyl acrylate,0.6135666666666667,0.5833937283020981,6
C=Cc1cccc(C=C)c1,meta-divinylbenzene,0.6124999999999999,0.3832604746495149,14
C=CC(=O)NC(C)C,N-Isopropylacrylamide,0.6120556,0.7902557326221937,20
C=C(C)C(=O)Oc1c(F)c(F)c(F)c(F)c1F,pentafluorophenyl methacrylate,0.612,0.0,2
C=CCOC(=O)c1ccccc1C(=O)OCC=C,Diallyl phthalate,0.6107,0.47205578060225045,6
CC(C)=C(C)[GeH3],Trimethylvinylgermane,0.6093,0.38970000000000005,4
C=C(C)C(=O)NC(CO)(CO)CO,"2-methacrylamido-2-hydroxymethyl-1,3-propanediol",0.6063,0.0,2
C=Cc1cccc(S(=O)(=O)F)c1,m-styrenesulfonyl fluoride,0.605,0.395,4
C=C(C)C(=O)OC1CC2CCC1(C)C2(C)C,Isobornyl methacrylate,0.6038370000000001,0.391007741995329,14
O=C(CCC1NC(=O)OC1=O)OCc1ccccc1,gamma-Benzyl L-glutamate N-carboxyanhydride,0.6026,0.09940000000000004,4
CC(C)C1NC(=O)OC1=O,L-valine N-carboxyanhydride,0.6026,0.09940000000000004,4
C=CCOC(C)=O,allyl acetate,0.6011766666666667,0.4624695542171157,18
C=C(C)C(=O)Cl,Methacryloyl chloride,0.6,0.0,2
C=CC(=O)NC(CCCCCCCCC)C(=O)O,acrylamido undecanoic acid,0.6,0.2,4
FC(F)=CBr,"1-bromo-2,2-difluoroethylene",0.6,0.0,2
C1CCOC1,tetrahydrofuran,0.5980393939393939,1.1959253465449773,66
C=C(C)C(=O)OCCOCCOCCOC(=O)C(=C)C,triethylene glycol dimethacrylate,0.597862,0.0,2
C=Cc1ccc(CN(C)C)cc1,p-dimethylaminomethylstyrene,0.5940000000000001,0.0,2
C=COC(=O)CCCCCCCCCCCCCCCCC,vinyl stearate,0.593025,0.376975,4
C=Cc1ncc[nH]1,Vinyl imidazole,0.593,0.10660000000000001,4
C=COC(=O)c1ccccc1,Vinyl benzoate,0.58955625,0.4403979024256786,32
O=C(c1ccc(F)cc1)c1ccc(F)cc1,"4,4'-difluorobenzophenone",0.5888,0.0,2
C=COC(=O)CCC(C)=O,Vinyl levulinate,0.5865999999999999,0.0,2
C=Cc1ccc(Cl)c2ccccc12,4-Chloro-1-vinylnaphthalene,0.585,0.09500000000000008,4
C=CC(=O)[O-].[Na+],Sodium acrylate,0.5835,0.1985,4
C=CC(=O)OCCCC,Butyl acrylate,0.5812916948181819,0.7246749086915201,264
C=CC(=O)OCC(Oc1ccccc1)c1ccccc1,2-phenoxy-2-phenylethyl acrylate,0.5802536,0.054878131500990426,10
C=C(C)C(=O)O[Sn](CCCC)(CCCC)CCCC,Tributyltin Methacrylate,0.5724,0.40230093213911405,10
C=CC(=C)N1C(=O)c2ccccc2C1=O,"2-Phthalimido-1,3-butadiene",0.5720000000000001,0.0,4
O=C1CCCCO1,delta-Valerolactone,0.571725,0.435668798372112,16
C=CC(=O)OCC1CO1,glycidyl acrylate,0.5660999999999999,0.4641,4
C=C(C)C(=O)OC(C)C,Isopropyl Methacrylate,0.5639,0.4708863472219172,20
C=Cc1ccc(S(=O)(=O)F)cc1,p-styrenesulfonyl fluoride,0.5625,0.23750000000000002,4
C=Cc1ccc(CSC(=S)N(CC)CC)cc1,"4-Vinylbenzyl N,N-diethyldithiocarbamate",0.56225,0.13215000000000002,4
C=CN1CCOC1=O,vinyl oxazolidinone,0.5622499999999999,0.47267900048553035,16
C=COCCCCCCCCCCCCCCCCCC,Vinyl octadecyl ether,0.5607,0.0,2
C=C(C)C(=O)OC(C)(C)C,tert-butyl methacrylate,0.5598093000000001,0.3331555276431865,20
C=C(C)C(=O)Oc1sccc1C,3-methylthienyl methacrylate,0.558931555,0.006395604999999915,4
C1CC2CCC1O2,7-oxabicyclo[2.2.1]heptane,0.5581166666666667,0.4665681029841434,12
C=Cc1ccc(P(=O)(c2ccccc2)c2ccccc2)cc1,Diphenyl-p-styrylphosphine oxide,0.5548,0.0,2
O=c1[nH]nc(-c2ccc(O)cc2)c2ccccc12,4-(4-hydroxyphenyl)-1(2H)-phthalazinone,0.5545,0.0343,4
O=C1C=CC(=O)N1c1ccc(Cl)cc1,N-(4-Chlorophenyl)maleimide,0.5523,0.49998986989738103,8
OCC(F)=C(F)F,"2,3,3-trifluoroprop-2-en-1-ol",0.5519999999999999,0.46070000000000005,4
C=C(C)C(=O)OCCN(CC)CC,2-diethylaminoethyl methacrylate,0.5517561666666667,0.39107773929868755,24
C=C(C)C(=O)OCc1ccccc1,benzyl methacrylate,0.5495147976470589,0.39499245413929096,34
C=COC(=O)CCl,Vinyl chloroacetate,0.5494857142857142,0.40084650492452106,14
C=CCOC(=O)CC,Allyl propionate,0.5418,0.0,2
C=Cc1ccc(Cn2c3ccccc3c3ccccc32)cc1,9-(4-vinylbenzyl)-9H-carbazole,0.54,0.0,2
C=Cc1cn(-c2ccc(Br)cc2)nn1,"1-p-Bromophenyl-4-vinyl-1,2,3-triazole",0.5372,0.2936000000000001,4
C=C(C)C(=O)ON1C(=O)c2ccccc2C1=O,N-methacryloyloxyphthalimide,0.5366453333333333,0.3397179266836271,6
O=C1C=C(c2ccccc2)C(=O)N1Br,N-bromophenylmaleimide,0.533982,0.3220298528242374,8
C#CC(=C)C,Isopropenylacetylene,0.5313,0.3762,4
C=CCOC(=O)C(C)C,Allyl isobutyrate,0.5304,0.0,2
C=COP(=O)(OCC)OCC,Diethyl vinyl phosphate,0.5280000000000001,0.2858251213591975,10
C=CN(C(=O)[O-])C(C)(C)C,N-vinyl-tert-butylcarbamate,0.5255000000000001,0.01029999999999992,4
C=CCC(=O)[O-],vinylacetate,0.5255000000000001,0.01029999999999992,4
C=Cc1ccc(C#N)cc1,p-Cyanostyrene,0.5250166666666667,0.3857016989274944,6
C=CC=O,Acrolein,0.5231428571428571,0.5296965542570923,14
C=C(C)C(=O)OCCC[Si](OC)(OC)OC,γ-Methacryloxypropyl trimethoxy silane,0.5211219999999999,0.29731509940801865,10
O=S(=O)(c1ccc(F)cc1)c1ccc(F)cc1,"4,4'-difluorodiphenyl sulfone",0.5202,0.0,2
C=Cc1c2ccccc2cc2ccccc12,9-Vinylanthracene,0.51935,0.2544204417887839,10
C=COC(=O)Cc1cccs1,vinyl thiolacetate,0.516,0.0,2
C=O,Carbon Monoxide,0.5139630000000001,0.8698352962595851,8
c1ccc(OCC2CO2)cc1,phenylglycidylether,0.509925,0.5001205223493633,8
C=Cc1ccccc1O,o-Hydroxystyrene,0.50985,0.44055,4
O=C1C=CC(=O)N1c1cccc(Br)c1,N-(3-Bromophenyl)maleimide,0.5087999999999999,0.059199999999999975,4
O=C(O)c1ccc(O)cc1,p-hydroxybenzoic acid,0.5086666666666667,0.630586939992329,12
C=CCS(=O)(=O)[O-].[Na+],sodium allyl sulfonate,0.5085000000000001,0.20330887831081063,6
O=C(O)c1ccccc1Cl,o-chloro benzoic acid,0.508403985,0.345877485,4
C=CC=CF,Fluorobutadiene,0.5065916666666667,0.3151511686432754,24
C=CC(=O)OCC1CCC2OC2C1,"3,4-Epoxyhexahydrobenzyl Acrylate",0.5054,0.3638,4
C=CC(=O)O[Si](C(C)C)(C(C)C)C(C)C,Triisopropylsilyl acrylate,0.5050934779999999,0.17857610905042523,10
C=CC(=O)OCCC(=O)O,beta-acryloxypropionic acid,0.5044,0.0,2
NCCCC[C@@H](C(=O)O)N(OCc1ccccc1)C(=O)O,N-carboxybenzoxy-L-lysine,0.5032,0.0,2
C=CC(=O)OCCO,2-Hydroxyethyl acrylate,0.5028692307692308,0.583841402838681,26
C=COC(=O)CCC(=O)CCCCCCCCCCCCCC,Vinyl 4-ketostearate,0.5022933333333334,0.5251491738121232,6
C=C(C)C(=O)OCC(=O)Nc1ccc2ccccc2c1,2-(2-naphthylamino)-2-oxo-ethyl methacrylate,0.5014,0.08438696581818783,8
FC(F)=C(F)Cl,chlorotrifluoroethylene,0.5008119884615385,1.0430799557757002,26
CC=COCC,ethyl 1-propenyl ether,0.5,0.0,2
C=Cc1ccc(CC)cn1,5-Ethyl-2-vinyl pyridine,0.49975777777777775,0.2380484321299054,18
C=Cc1ccc(CCO)cc1,p-vinylphenylmethylcarbinol,0.4942666666666667,0.3939098063714022,6
C=C1CC(=O)N(c2ccc(OC)c(Cl)c2)C1=O,N-(4-methoxy-3-chlorophenyl) itaconimide,0.4928,0.0,2
CCC(C)C(N)C(=O)NC(CS)C(=O)O,Ic,0.49239999999999995,0.29239999999999994,4
C=CCOc1ccc([Si](C)(C)O[Si](C)(C)C)cc1,"1-(p-Allyloxyphenyl)-1,1,3,3,3-pentamethyldisiloxane",0.4910666666666666,0.04962400852633961,6
C=Cc1ccc(N)cc1,p-Aminostyrene,0.4908666666666666,0.2856368167990799,18
C=COCCC(C(=O)OCC)C(=O)OCC,"3,3-Bis(ethoxycarbonyl)propyl Vinyl Ether",0.49,0.06999999999999998,4
C=CC(F)(F)C(F)(F)C(F)(F)F,"3,3,4,4,5,5,5-heptafluoropentene-1",0.49,0.14582866659199764,6
CO[Si](CCCOCC1CO1)(OC)OC,3-glycidyloxypropyltrimethoxysilane,0.4899999999999999,0.0,2
C#CC=C,Vinylacetylene,0.48899999999999993,0.411,4
C=CN1C(=O)c2ccc([Si](C)(C)C)cc2C1=O,4-Trimethylsilyl-N-vinylphthalimid,0.488,0.0,2
C=CC(F)(F)F,"3,3,3-trifluoropropene",0.48750000000000004,0.11249999999999999,4
C=CC(=O)NCC(O)C(O)C(O)C(O)CO,1-Acrylamido-1-deoxy-D-glucitol,0.4851466666666666,0.2949571834841268,6
C=C(Cl)Cl,vinylidene chloride,0.48443934782608694,0.3205615109826626,92
C=C(C)C(=O)OCCOCCOC(=O)C(=C)C,diethylene glycol dimethacrylate,0.4828559999999999,0.0,2
C=Cc1ccc(CC)cc1,p-ethyl styrene,0.4817999999999999,0.0,2
C=C[n+]1ccn(CC)c1.[I-],3-ethyl-1-vinylimidazolium iodide,0.48,0.0,2
C=COCCOC(=O)CC(C)=O,acetoacetoxyethyl vinyl ether,0.48,0.0,2
C=Cn1ccnc1C,2-methyl-1-vinylimidazole,0.47979400000000005,0.3149572943495674,10
C=C(Br)C(=O)OC,methyl alpha-bromoacrylate,0.4784,0.0,2
C=C(OC(C)=O)C(=O)OC,Methyl 2-acetoxyacrylate,0.4771,0.4511,4
C=CC(=O)OCC(C)C,isobutyl acrylate,0.4762195,0.11293925266597969,8
C=CCOCC1CO1,allyl glycidyl ether,0.47521428571428576,0.4096181302787527,14
C=CCCNC(=O)OCC,N-Vinylethylurethane,0.4744499999999999,0.36555,4
C=C(C)C(=C)C,"2,3-Dimethyl-1,3-butadiene",0.47347140000000004,0.24027293903359154,10
O=C1COC(=O)CO1,glycolide,0.47329999999999994,0.3765619264403193,18
C=Cc1ccc(C(C)(C)C)cc1,p-t-butylstyrene,0.4731272857142857,0.39936375539339863,14
C=CC(=O)OC[Si](C)(C)O[Si](C)(C)C,Acryloxymethylpentamethyldisiloxane,0.473,0.0,2
C=CSC(C)(C)C,t-Butyl Vinyl Sulfide,0.47065,0.46935,4
C=CC(=O)NC(C)(C)C,N-tert-butyl acrylamide,0.46774999999999994,0.23975000000000005,4
C=CC(=O)OCCC,propyl acrylate,0.4669,0.0,2
C=COP(=O)(Oc1ccccc1)Oc1ccccc1,Diphenyl vinyl phosphate,0.4666666666666666,0.3299831645537222,6
C=C[Si](OC)(OC)OC,vinyltrimethoxysilane,0.46599999999999997,0.3308,4
C=CC(=O)OCC1CCCO1,tetrahydrofurfuryl acrylate,0.465346,0.0,2
CCCOC=Cc1ccccc1,Phenylvinyl n-propyl ether,0.4635,0.0,2
C=CC(=O)N1CCCCC1,N-acryloylpiperidine,0.4620857142857142,0.256439825459371,14
C=C(C)C(=O)OCCOCC,2-Ethoxyethyl Methacrylate,0.46173333333333333,0.14265158798820135,6
C=Cc1cccc2cc3ccccc3cc12,1-Vinylanthracene,0.4617,0.0,2
C=CC(=O)Cl,acrylyl chloride,0.46020714285714287,0.29015323590496533,14
C=CSC(C)C,Isopropyl Vinyl Sulfide,0.45975,0.40025,4
CCCCC([SnH3])=C(CCCC)CCCC,Tributylvinylstannane,0.45849999999999996,0.37849999999999995,4
C=C(C)c1ccc(OC)cc1,p-Methoxy-alpha-methylstyrene,0.4578,0.0,2
C=CC1CO1,butadiene monoxide,0.4555999999999999,0.034399999999999986,4
CC(=O)c1ccc(N)cc1,p-amino acetophenone,0.45484221999999996,0.2870522753419151,6
COC(=O)C1CC2C=CC1C2,5-norbornene-2-carboxylic acid methyl ester,0.45435000000000003,0.22395,4
C=C(C)C(=O)OCSC,methylthiomethyl methacrylate,0.45375,0.27225000000000005,4
C=Cc1ccccn1,2-Vinylpyridine,0.45364249999999995,0.4158583471020683,56
C=C1CC(=O)N(c2ccc(Cl)cc2)C1=O,N-(p-chlorophenyl) itaconimide,0.4514999999999999,0.0,2
C=CN=C=O,Vinyl Isocyanate,0.4494000000000001,0.30913991654265555,10
C=Cc1ccc(Br)cc1,p-Bromostyrene,0.44925,0.33500177238337114,8
C=CC(=O)NCCCN(C)C,N-[3-(dimethylamino)propyl]acrylamide,0.4473999999999999,0.0010000000000000009,4
C=COC(C)=S,Vinyl thioacetate,0.44716666666666666,0.20434706316025741,6
C=C(C(=O)OC(C)(C)C)C(F)(F)F,tert-butyl 2-trifluoromethylacrylate,0.44601966666666654,0.8376077872341099,12
C=C(C)C(C)=O,Methyl isopropenyl ketone,0.44582249999999995,0.13281878451013618,8
C=C(C)C1=NCCO1,2-Isopropenyl-2-oxazoline,0.44482000000000005,0.492213937226487,22
C=Cc1ccc(OCC)cc1,p-ethoxystyrene,0.44399999999999995,0.35520000000000007,8
C=C(C)C(=O)OCCOCCOCCOCCOC(=O)C(=C)C,tetraethylene glycol dimethacrylate,0.4423999999999999,0.0,2
ClC=CCl,trans-Dichloroethylene,0.4420599999999999,1.1808544452217637,18
C1=CC12OCCCO2,"4,8-Dioxaspiro(2,5)oct-1-ene",0.44144,0.0,2
OCC1OC(OC2C(CO)OC(O)C(O)C2O)C(O)C(O)C1O,cellulose,0.4378666666666667,0.12011298384807902,6
C=Cc1cccc2ccccc12,1-vinylnaphthalene,0.4303571428571429,0.4858991337338083,14
C=C1CCOC1=O,α-methylene γ-butyrolactone,0.4281600000000001,0.4115894342667217,10
C=CC(=O)NCCCO,N-(2-hydroxyethylmethyl)acrylamide,0.42799999999999994,0.00616441400296894,6
C=CC(=O)N(CC)CCCN(CC)C(=O)C=C,"N,N'-Diethyl-1,3-bis(acrylamido)propane",0.42799999999999994,0.00616441400296894,6
C=C(C)C(=O)OCCN(C)c1ccccc1,N-methyl-N-phenyl-2-aminoethyl methacrylate,0.42782489999999995,0.16150504653691167,20
C=COC(=O)C(Cl)(Cl)Cl,vinyl trichloroacetate,0.4277999999999999,0.0,2
C=CN1CCCC1=O,N-vinylpyrrolidone,0.4267933714102564,0.6787376083423768,156
C=C(C)C(=O)Nc1ccc(OC(=O)Cc2ccc(OC)cc2)cc1,N-[4-(4-methoxyphenylacetoxy)phenyl]methacrylamide,0.4262999999999999,0.0,2
C=C(C)C(=O)Oc1ccc(C(C)=O)cc1,4-Acetylphenyl Methacrylate,0.42416666666666664,0.05400964934363324,6
C=C(C)C(=O)C1CC(C)(C)NC(C)(C)C1,"4-methacryloyl-2,2,6,6-tetramethyl-piperidine",0.4217999999999999,0.0,2
C=C(C)C(=O)OCC1COC(=O)O1,"2-oxo-1,3-dioxolan-4-yl)methyl methacrylate",0.41890000000000005,0.27970000000000006,4
C=Cc1cc(C)ccc1C,"2,5-Dimethylstyrene",0.4185,0.0,2
C=CC(=O)Oc1cccc2c3ccccc3n(CCO)c12,N-(2-hydroxyethyl)carbazolyl acrylate,0.4176,0.4203183872574059,6
C=Cc1ccc2ccccc2c1,2-vinylnaphthalene,0.4169333333333333,0.2245294536481919,6
C=C(C)C(=O)Oc1ccccc1C(=O)OC,methyl 2-methacryloyloxybenzoate,0.41410499999999995,0.2938986284903351,8
C=CC(=O)OCCCl,2-Chloroethyl Acrylate,0.41240000000000004,0.41391876819814133,6
O=C1C=CC(=O)N1c1ccccc1Cl,N-2-chlorophenylmaleimide,0.41028783333333335,0.4312053576006126,12
C=CSC,Methyl Vinyl Sulfide,0.40570000000000006,0.2862354974492157,10
C=CSc1ccccc1,Phenyl Vinyl Sulfide,0.40374999999999994,0.5753224161285565,8
C=CSCCCC,n-Butyl Vinyl Sulfide,0.402231,0.39776900000000004,4
CC(C)=C(C)[SnH3],Trimethylvinylstannane,0.3989,0.3541,4
C=C(C)C=O,Methacrolein,0.39725000000000005,0.31475000000000003,4
C=COC(=O)CCCCCCCCCCC(=O)CCCCCC,Vinyl 12-ketostearate,0.396756,0.5579020632763425,8
C=CCC1CCCCC1,allylcyclohexane,0.3967,0.2743,4
c1cc[nH]c1,pyrrole,0.3954999999999999,0.0,2
Cn1cccc1,N-methylpyrrole,0.3954999999999999,0.0,2
C=CC(=O)OCc1ccccc1,benzylacrylate,0.394646,0.24765421205382318,8
C=CCOc1ccc([Si](C)(C)O[Si](C)(C)c2ccc(OCC=C)cc2)cc1,"1,3-Bis(p-allyloxyphenyl)-1,1,3,3-tetramethyldisiloxane",0.39425,0.3744358256096764,8
C=CN1C(=O)CCC1=O,N-Vinylsuccinimid,0.39158375,0.31215503113186804,32
C=CCOC(=O)C(C)(C)C,Allyl trimethylacetate,0.391,0.0,2
C=Cc1ccc(C(=O)C(F)(F)F)cc1,p-vinyltrifluoroacetophenone,0.39,0.0,2
C=Cc1ccc(C)nc1,2-Methyl-5-vinylpyridine,0.3881563333333333,0.25197532247005633,12
C=CC=CC(=O)O,Butadiene-1-carboxylic acid,0.38699999999999996,0.05700000000000005,4
O=Cc1ccccc1,benzaldehyde,0.38634999999999997,0.41212961856678054,8
C=CC(=C)O[Si](C)(C)C,"2-trimethylsilyloxy-1,3-butadiene",0.38517,0.38283,4
C=CCCCCCC(=O)[O-],5-hexene-1-yl-acetate,0.385,0.0,4
C=C(Cl)C(=O)OCCCCCC,hexyl alpha-chloroacrylate,0.3807,0.0,2
C=C(C)C(=O)Oc1ccccc1C(=O)O,ortho-methacryloyloxybenzoic acid,0.3789881666666666,0.2680138666066968,12
C=Cc1c(C)cc(C)cc1C,Vinylmesitylene,0.37839999999999996,0.2216,4
C=C1CC(=O)N(c2cccc(Cl)c2)C1=O,N-(m-chlorophenyl) itaconimide,0.368,0.0,2
C=C(CC(=O)[O-])C(=O)OCCCC,monobutyl itaconate,0.365228,0.0,2
CC1(C)COC2(C=C2)OC1,"6,6-Dimethyl-4,8-dioxaspiro(2,5)oct-1-ene",0.36501333333333336,0.15376448600231313,6
C=C(Cl)C(=O)[O-].[Na+],Sodium Chloroacrylate,0.3614,0.0,2
C=C(C)C(=O)OC1CC(C)CCC1C(C)C,(-)-Menthyl Methacrylate,0.3584,0.0,2
C=CC[SiH](OCC)OCC,Vinylmethyldiethoxysilane,0.356575,0.30585746986954565,8
C=Cc1ccc(P(=S)(c2ccccc2)c2ccccc2)cc1,Diphenyl-p-styrylphosphine sulfide,0.3537999999999999,0.0,2
C=COC(=O)C(Cl)Cl,"acetic acid, dichloro-, vinyl ester",0.35,0.0,4
C=C(C)C(=O)NC,"N,N'-dimethylacrylamide",0.3484999999999999,0.10149999999999995,4
C=C(C)C1=NC(C(C)C)C(=O)O1,2-Isopropenyl-4-isopropyl-2-oxazolin-5-one,0.3472,0.0,2
O=C1OC(=O)C2C3C=CC(C3)C12,nadic anhydride,0.343475,0.04552000933655439,6
C=C(C)Cl,Isopropenyl Chloride,0.34004999999999996,0.3811183641600074,16
Cc1ccc(S(=O)(=O)N2CC2C)cc1,N-tosyl-2-methyl aziridine,0.3389999999999999,0.0,2
C=Cc1ccc(C(C)(C)O)cc1,p-vinylphenyldimethylcarbinol,0.33885,0.31834999999999997,4
COC1(OC)C=C1,"3,3-Dimethoxycyclopropene",0.3374,0.0,2
C=C(C)C(=O)OCCN1CC1,2-(1-Aziridinyl)ethyl methacrylate,0.3339,0.0,2
C=Cc1ccc(C(=O)c2ccccc2)cc1,p-vinylbenzophenone,0.3317333333333334,0.23134997058328946,6
C=COC1CCCCC1,vinylcyclohexyl ether,0.3289020833333333,0.465133367532382,6
C=COC(=O)CCCCCCCC,Vinyl pelargonate,0.3271199999999999,0.0,2
C=CC(=O)OC[c-]1cccc1.[Fe+2].c1cc[cH-]c1,Ferrocenylmethyl Acrylate,0.32638,0.26701011516420126,10
C=C(C)C(=O)OC[Si](C)(C)O[Si](C)(C)C,Methacryloxymethylpentamethyldisiloxane,0.3201,0.0,2
C=C(Cl)C(=O)OC,methyl alpha-chloroacrylate,0.32,0.0282842712474619,6
C=CCOc1nc(OCC=C)nc(OCC=C)n1,Triallyl Cyanurate,0.31470875,0.8595435736400672,16
C=Cn1ccnc1,1-vinylimidazole,0.3137449863636363,0.39144891654833786,44
C1=CC2C=CC1C2,"Bicyclo[2.2.1]hepta-2,5-diene",0.31373125,0.41542987294600936,16
C=Cc1ccccc1OC,ortho-methoxystyrene,0.31246,0.0,4
C=CC(=C)CN1C(=O)c2ccccc2C1=O,"2-phthalimidomethyl 1,3-butadiene",0.312,0.0,2
C=C(Cl)CCl,"2,3-dichloropropene",0.31035560000000006,0.3214433879323699,10
C=CN(C)C(C)=O,N-Vinyl-N-methylacetamide,0.31015714285714285,0.28977089677952156,14
C=C(C)N=C=O,isopropenyl isocyanate,0.3100375,0.3155859349586892,16
C=CN1C(=O)c2ccccc2C1=O,N-vinylphthalimide,0.3099853333333334,0.3114384603152854,6
O=C(O)c1cccc(Cl)c1,m-chloro benzoic acid,0.30940499999999993,0.008444999999999953,4
C=C[Si](C)(C)C,vinyltrimethylsilane,0.308,0.0,4
C=CCOC(=O)C(Cl)Cl,Allyl dichloroacetate,0.3078,0.0,2
C=CC(=O)N1CCOCC1,N-acryloyl morpholine,0.3068,0.0,2
C[C@H](N)C(=O)O,L-Alanine,0.30655,0.015050000000000008,4
C=C(C)C(=O)OC(C(=O)O)c1ccccc1,alpha-(methacryloyloxy)phenylacetic acid,0.306,0.0,2
C1=COCCO1,p-dioxene,0.306,0.0,2
C=COC,methyl vinyl ether,0.30325,0.1660320676857335,8
C=CC=CC,"1,3-pentadiene",0.3026,0.06699999999999999,4
C=CC(=O)OCCOCC,2-ethoxyethyl acrylate,0.3024,0.0,2
C=Cc1cccc([N+](=O)[O-])c1,m-nitrostyrene,0.30058333333333326,0.08008090527016345,12
COC=Cc1ccccc1,Phenylvinyl methyl ether,0.2958,0.0,2
C=CP(=O)(Cl)Cl,vinylphosphonic dichloride,0.2932333333333333,0.184772875594757,6
C=CC=CC(=O)OC,"Methyl penta-2,4-dienoate",0.29,0.0,2
C=C(C)C(=O)OCCc1ccc(O)c(-n2nc3ccccc3n2)c1,2-[3-(2H-Benzotriazol-2-yl)-4-hydroxyphenyl]ethyl methacrylate,0.28612499999999996,0.06667499999999994,4
C=Cc1cccc(Cl)c1,m-Chlorostyrene,0.284,0.0,2
C=C1CC(=O)N(c2ccccc2Cl)C1=O,N-(o-chlorophenyl) itaconimide,0.2835,0.0,2
C1=CCCC=C1,"1,3-Cyclohexadiene",0.28271999999999997,0.1989879031499151,20
C=CC(=C)CCC=C(C)C,myrcene,0.2792,0.0795567721818828,8
C=CC(F)(F)C(F)(F)Br,"4-bromo-3,3,4,4-tetrafluorobut-1-ene",0.2772,0.0,2
CCCCCCCCCCC1CO1,1-dodecene oxide,0.275,0.0,2
COC(=O)CCCCCCCCC1CO1,"methyl 10,11-epoxyundecanoate",0.275,0.0,2
C=CCNC(=O)CCCCCCCCCCCCCCCCC,N-Allylstearamide,0.27321999999999996,0.19364520615462355,6
C=C(C)c1cccc(C(C)(C)OOC(C)(C)C)c1,tert-Butyl 3-isopropenylcumylperoxide,0.270626,0.03580601651491919,6
C=C1CC(=O)OC1=O,Itaconic Anhydride,0.2687013333333333,0.31109691008287294,18
C=CC(=O)OCCCCCCCCCCCCCCCCCCCCCC,behenyl acrylate,0.2639866666666667,0.3224511131250063,6
C=C(OC)c1ccccc1,α-Methoxystyrene,0.26370000000000005,0.40983664496425354,18
CC=CC,trans-Butene,0.2625,0.2636640855330889,8
CC=CC(=O)OC,methyl crotonate,0.26,0.0,2
C=C(F)F,vinylidene fluoride,0.25923333333333326,0.24096672430487626,6
CC1=CC(=O)N(C)C1=O,N-methyl citraconimide,0.2592,0.2268,4
C=CCCl,Allyl chloride,0.25698840000000006,0.30347799679423215,20
C=C(C)C(=O)OCC(O)CN1C(=O)c2ccccc2C1=O,3-phthalimido-2-hydroxypropyl methacrylate,0.25520000000000004,0.06360209640150759,6
CC1CN1,2-methylaziridine,0.254075,0.08502121426444108,8
COP1(=O)OCCO1,Methyl ethylene phosphate,0.25025000000000003,0.25025000000000003,4
CCC1CO1,"1,2-butylene oxide",0.2488666666666666,0.11236569266857606,12
FC(F)=C(F)F,tetrafluoroethylene,0.24319949999999996,0.30898021562094663,30
C=CNC(=O)NCC,N-vinyl-N'-ethylurea,0.2368333333333333,0.15581096096088862,6
C=CS(=O)CC,Ethyl Vinyl Sulfoxide,0.23500000000000001,0.21136461387848254,8
C=CN1CCCCCC1=O,N-vinylcaprolactam,0.23375681818181818,0.3663358665231125,22
C=Cc1cccc2sc(S)nc12,Vinyl Mercaptobenzothiazole,0.23312500000000003,0.21622741934130374,8
C=Cc1cccc2c1[nH]c1ccccc12,Vinyl Carbazole,0.233,0.167,4
C=C(C)C(=O)Oc1ccc(CC(=O)O)cc1,4-(methacryloyloxy)phenylacetic acid,0.23285,0.07305,4
C=C(C)C(=O)OCOC,methoxymethyl methacrylate,0.2319999999999999,0.0,2
C=Cc1ccc(O)cc1,p-vinylphenol,0.22949999999999998,0.0855,4
C#CCCCC,1-hexyne,0.22917500000000002,0.12078556153365352,8
O=C1C=CC(=O)C1,"4-Cyclopentene-1,3-dione",0.22809500000000002,0.29310661656639553,16
C=CC(=O)OC1CCCCC1,cyclohexyl acrylate,0.22759571428571426,0.14460313349866474,14
C=Cc1c(F)c(F)c(F)c(F)c1F,"2,3,4,5,6-pentafluorostyrene",0.22252666666666668,0.27408167217495993,18
C[SH+]C=Cc1ccccc1.F[B-](F)(F)F,methylphenylvinylsulfonium tetrafluoroborate,0.22,0.0,4
C=COC=C,Divinyl Ether,0.21884479999999992,0.40427025313589415,10
C=CC(=O)CC(=O)OCC,ethyl 3-oxo-4-pentenoate,0.2180666666666667,0.12136511488525487,18
C=C(Cl)C(=O)OCC,Ethyl alpha-chloroacrylate,0.21724000000000002,0.17888385729293746,10
C=C(CC)C(=O)O,2-ethylacrylic acid,0.21704999999999997,0.045149999999999996,4
C=CCc1ccccc1,allylbenzene,0.21650799999999995,0.17178200000000007,4
C=C(C)C(=O)Oc1cc(Cl)cc2c3cc(Cl)ccc3n(CCO)c12,"N-(2-Hydroxyethyl)-3,6-dichlorocarbazolyl Methacrylate",0.2145,0.0,2
C=CC(=O)NC,N-methylacrylamide,0.2139559999999999,0.0,2
CC=Cc1ccccc1,beta-methylstyrene,0.212,0.0,2
C=C(C)C(=O)Oc1cccc2c3ccccc3n(CCO)c12,N-(2-hydroxyethyl)carbazolyl methacrylate,0.21050000000000002,0.19158070536112623,6
C=C(C)C(=O)OCCNCCc1ccccc1,2-benzylmethylaminoethyl methacrylate,0.20774999999999993,0.008250000000000049,4
C=CC(=O)Oc1ccccc1C(=O)O,2-acryloyloxybenzoic acid,0.20471625,0.18463967208914636,8
C=C(C)N(CC1CO1)C(=O)OCC,N-isopropenylglycidylurethan,0.204,0.0,2
C=CC(=O)Oc1ccc(Cl)cc1,para-Chlorophenyl acrylate,0.20399799999999998,0.1175898710774019,12
C=C(C)C(=O)OCC(F)(Cl)C(F)(F)F,"2-Chloro-2,3,3,3-tetrafluoropropyl methacrylate",0.2028333333333333,0.2517164586505133,6
C=C(C)C(=O)OCC(F)(F)C(F)(F)C(F)(F)C(F)F,octafluoropentyl methacrylate,0.20163333333333333,0.11038932114213866,6
c1ccc2c(OCCCCCOc3cccc4ccccc34)cccc2c1,"1,5-bis(1-naphthoxy)pentane",0.2,0.0,2
O=S(=O)(c1ccc(Oc2cccc3ccccc23)cc1)C(F)(F)C(F)(F)C(F)(F)C(F)(F)C(F)(F)C(F)(F)C(F)(F)C(F)(F)S(=O)(=O)c1ccc(Oc2cccc3ccccc23)cc1,"1,8-bis(4-(1-naphthoxy)phenylsulfonyl)perfluorooctane",0.2,0.0,2
C=Cc1ccc2c(ccc3ccccc32)c1,2-Vinylphenanthrene,0.2,0.0,2
C=C(C)C(=O)OC,methyl methacrylate,0.19923258536590913,9.388185551053198,1320
C=CC(=O)OC(C)C,Isopropyl Acrylate,0.1976,0.0,2
C=COC(=O)C=Cc1ccccc1,vinyl cinnamate,0.197,0.23074509745604563,10
C=C(C)C(=O)Oc1c(Br)cc(Br)cc1Br,"2,4,6-tribromophenyl methacrylate",0.19669999999999999,0.0003000000000000086,4
CC1CC(=O)O1,beta butyrolactone,0.19585,0.061965050633401395,8
C=C(C)C(=O)OCCCCCCCCCC,Decyl Methacrylate,0.192,0.0,2
C=CC(=O)NC(C)(C)CC(C)=O,"N-(1,1-dimethyl-3-oxybutyl)acrylamide",0.1886,0.0,2
C=C(C)C(=O)Oc1ccc([N+](=O)[O-])cc1[N+](=O)[O-],"2,4-Dinitrophenyl Methacrylate",0.18525,0.029249999999999998,4
C=CCCCCCCCCCCCCCCCCCC,1-eicosene,0.185,0.0,2
C=C1CC(=O)N(c2cc(Cl)ccc2OC)C1=O,N-(2-methoxy-5-chlorophenyl) itaconimide,0.1845,0.0,2
C=C(C)C(=O)OCC#N,Cyanomethyl Methacrylate,0.183,0.1395,4
O=C1C=CC(=O)N1c1c(Br)cc(Br)cc1Br,"N-(2,4,6-tribromophenyl)maleimide",0.18299500000000002,0.023154999999999995,4
C=C(F)C(N)=O,alpha-Fluoroacrylamide,0.18144,0.0,2
CC(=O)Oc1ccc(C[C@H](N)C(=O)O)cc1,O-acetyl-L-tyrosine,0.18038333333333334,0.08987911171246757,12
CC(=O)c1ccc(O)cc1,p-hydroxy acetophenone,0.17698650000000002,0.0958674901178705,6
C=C(C)C(=O)F,Methacryloyl fluoride,0.17460925,0.15683551974580726,16
C#Cc1ccccc1,Phenylacetylene,0.1742692857142857,0.21048837736709516,28
C=Cc1cccc(C)c1,3-Methylstyrene,0.17419999999999997,0.08558129176402984,16
O=C1C=CC(=O)N1CO,N-methylol maleimide,0.1729333333333333,0.19669416756872982,6
C=C(C)C(=O)O.O=[N+]([O-])O.OCCO,ethylene glycol nitrate methacrylate,0.1714999999999999,0.0,2
C=C[n+]1ccn(Cc2ccccc2)c1.[Br-],3-benzyl-1-vinylimidazolium bromide,0.1701,0.0,2
O=C1C=CC(=O)N1c1ccc(O)cc1,N-4-hydroxyphenyl maleimide,0.16759999999999997,0.21564447593203034,6
C=CC(=O)c1c([N+](=O)[O-])cc(C(=O)[O-])c(CCO)c1[N+](=O)[O-],"acryloyl-β-hydroxyethyl-3,5-dinitrobenzoate",0.1667,0.06269999999999999,4
C=Cc1ccsc1,3-vinyl thiophene,0.166682,0.02593200000000001,4
C=C(C(=O)OC)c1ccccc1,methyl alpha-phenylacrylate,0.16607142857142856,0.21389607432640012,14
C=CC(=O)Oc1ccccc1,phenyl acrylate,0.1656,0.0,2
C#CC,methylacetylene,0.16526049999999995,0.00842849999999995,4
COC(=O)c1ccc(N2C(=O)C=CC2=O)cc1,N-(4-carbomethoxyphenyl)maleimide,0.165,0.0,2
Nc1ccccc1,aniline,0.1646,0.13884651958187502,10
C=CC(=O)OC(=O)C=C,Acrylic Anhydride,0.164,0.1442520941500215,6
C=COCC,Vinyl ethyl ether,0.16313574399999997,0.3292385004306516,30
C=C(C)C(=O)OC(F)(F)C(F)(F)C(F)(F)C(F)(F)C(F)(F)C(F)(F)C(F)(F)F,perfluoroheptyl methacrylate,0.1625,0.0,4
C=CC(=O)OCCCO,Hydroxypropyl acrylate,0.162,0.0,2
[N-]=[N+]=N[C@H]1[C@@H]2OC[C@@H](O2)[C@@H](OCc2ccccc2)[C@@H]1OCc1ccccc1,"1,6-Anhydro-2-azido-3,4-di-O-benzyl-2-deoxy-beta-D-glucopyranose",0.1612,0.0,2
C=C(C)C(=O)Oc1ccc(CC(=O)OCC)cc1,ethyl 4-(methacryloyloxy)phenylacetate,0.16,0.0,2
O=C=CCCc1ccccc1,phenylethylketene,0.16,0.0,2
C=Cc1ccccc1Cl,o-Chlorostyrene,0.15617874999999998,0.12904670534708548,16
C=CC(=O)Oc1cc(Cl)cc2c3cc(Cl)ccc3n(CCO)c12,"N-(2-Hydroxyethyl)-3,6-dichlorocarbazolyl Acrylate",0.156,0.0,2
C=C(C)C(=O)OCC(F)(F)F,trifluoroethyl methacrylate,0.1553111111111111,0.15527303868737122,18
O=C1C=CC(=O)N1,maleimide,0.15016666666666667,0.16940352875768425,12
CCCCC(CC)CN1C(=O)C=CC1=O,N-(2-ethylhexyl)maleimide,0.1467908,0.1457092,4
O=C1C=CC(=O)N1CCO,N-2-hydroxyethyl maleimide,0.14446666666666666,0.17448715966766407,6
Fc1c(F)c(F)c(-c2c3nc(c(-c4c(F)c(F)c(F)c(F)c4F)c4ccc([nH]4)c(-c4c(F)c(F)c(F)c(F)c4F)c4nc(c(-c5c(F)c(F)c(F)c(F)c5F)c5ccc2[nH]5)C=C4)C=C3)c(F)c1F,"5,10,15,20-tetrakis(pentafluorophenyl)porphyrin",0.14356,0.0,2
C=C(C)C(=O)O[Si](CCCC)(CCCC)CCCC,tributylsilyl methacrylate,0.1411,0.0,2
C=C(C)C(=O)O[Si](CC(C)C)(CC(C)C)CC(C)C,triisobutylsilyl methacrylate,0.1399999999999999,0.0,2
C=C(C)C(=O)O[Si](C(C)C)(C(C)C)C(C)C,triisopropylsilyl methacrylate,0.1367999999999999,0.0,2
C=C(C)C(=O)OCCN(CC)S(=O)(=O)C(F)(F)C(F)(F)C(F)(F)C(F)(F)C(F)(F)C(F)(F)C(F)(F)C(F)(F)F,2-(N-ethylperfluorooctanesulfonamido)ethyl methacrylate,0.136431,0.0,2
C=C(C)CCl,Methallyl Chloride,0.13415,0.04356538189893439,8
C=C(C)C(=O)Oc1ccc(C)cc1,p-tolyl methacrylate,0.1341,0.045899999999999996,4
C=C(C)C(=O)OCC(=O)Oc1ccc(Cl)cc1,2-(p-chlorophenoxy)-2-oxo-ethyl methacrylate,0.1336,0.013600000000000001,4
C=C(C#N)C(=O)OC,methyl alpha-cyanoacrylate,0.13332777777777777,0.2528529053192687,18
O=C(O)c1ccc(Cl)cc1,p-chloro benzoic acid,0.129934095,0.062461094999999994,4
C=C(CC(=O)OCC(CC)CCCC)C(=O)OCC(CC)CCCC,bis(2-ethylhexyl) itaconate,0.1292,0.0,2
C=C(C)C(=O)OCC=Cc1ccccc1,cinnamyl methacrylate,0.128471,0.011290999999999995,4
C=CCCC,1-Pentene,0.1272,0.059376314020547515,6
C=Cc1cc2ccccc2o1,2-Vinylbenzofuran,0.12633073333333333,0.024854294548472353,6
O=C1CCCCCCCCCCCN1,12-dodecanelactam,0.12373333333333329,0.07377991295437769,6
COC(=O)C(C#N)=Cc1ccccc1,methyl 3-phenyl-2-cyanopropenoate,0.12255575444444444,0.12508554461096727,18
C=CC(=O)Oc1c(Cl)c(Cl)c(Cl)c(Cl)c1Cl,pentachlorophenyl acrylate,0.12047999999999995,0.06432000000000004,4
C=COC(=O)C(CC)CCCC,Vinyl 2-ethylhexoate,0.12,0.0,2
C=CC(=O)C(C)C,Isopropyl Vinyl Ketone,0.12,0.0,2
C=Cc1ccc(C)o1,2-vinyl-5-methyl furan,0.11503333333333333,0.06622005402863664,6
C=CC(=O)Oc1ccc(CC(=O)O)cc1,4-(acryloyloxy)phenylacetic acid,0.11485000000000001,0.06365,4
C=CCOC(=O)C(Cl)(Cl)Cl,Allyl trichloroacetate,0.1148,0.0,2
Nc1ccc(S(=O)(=O)O)cc1,sulfanilic acid,0.11423333333333334,0.021594186460454794,6
C=CC(=O)CC,Ethyl Vinyl Ketone,0.11375,0.02575000000000001,4
CCCOCC1CO1,n-propyl glycidyl ether,0.11249999999999996,0.01170000000000005,4
C=C(C)C(=O)Oc1ccc(Cl)cc1,p-chlorophenyl methacrylate,0.11184999999999994,0.02155000000000005,4
C(=Cc1ccccc1)c1ccccc1,Stilbene,0.11088800000000001,0.06357345779490055,10
C=C(C)C(=O)OCC1CCCO1,tetrahydrofurfuryl methacrylate,0.1093399999999999,0.0,2
NCC(=O)O,Glycine,0.1092,0.0,4
C=CC(=O)O[Si](CCCC)(CCCC)CCCC,tributylsilyl acrylate,0.1071,0.0,2
C=CC#CCC,2-Ethyl-1-vinylacetylene,0.1071,0.0,2
[N-]=[N+]=NCCOc1cc(N)ccc1Oc1cc(Oc2ccc(N)cc2OCCN=[N+]=[N-])cc(C(=O)N=[N+]=[N-])c1,"3,5-bis(ethylenoxy-4-aminophenoxy)phenyl carbonyl azide",0.1058,0.0,2
Nc1ccc(Oc2cc(OC(=O)Nc3ccccc3)cc(Oc3ccc(N)cc3)c2)cc1,"3,5-bis(4-aminophenoxy)phenyl phenylcarbamate",0.1058,0.0,2
C=C(C)C(=O)CC(C)=O,Methacryloyl Acetone,0.10486666666666666,0.04046276752219941,6
C=CC1=NC(C)(C)C(=O)O1,"2-Vinyl-4,4-Dimethylazlactone",0.10386666666666666,0.05913359639174859,6
C=Cn1c2ccccc2c2ccccc21,N-Vinyl carbazol,0.10274731578947369,1.1195306786315018,76
C=CCC1CCCC1,allylcyclopentane,0.10074999999999995,0.03515000000000005,4
OCCO,polyethylene glycol,0.09609999999999999,0.0030999999999999986,4
O=C=CCc1ccccc1,phenylmethylketene,0.096,0.0,2
Nc1cccc2ccccc12,1-Naphthylamine,0.095,0.0,2
O=C=Nc1ccccc1,phenyl isocyanate,0.09499999999999997,0.053485200445232244,6
O=Cc1ccccc1-c1ccccc1C=O,"2,2'-biphenyldicarbaldehyde",0.091,0.0,2
C=C(C)C1CC=C(C)CC1,R-(+)-limonene,0.09015290749999996,0.11067537998636225,8
C=CS(=O)(=O)OCC1CO1,glycidyl vinyl sulfonate,0.08984999999999994,0.054150000000000045,4
FC(F)=C(F)CCBr,"4-bromo-1,1,2-trifluorobut-1-ene",0.0863999999999999,0.0,2
C=C(C)C(=O)OC(c1ccccc1)(c1ccccc1)c1ccccc1,Trityl Methacrylate,0.08572500000000001,0.042975000000000006,4
C=C(C)C(=O)OC(C)c1ccccc1,alpha-Methylbenzyl Methacrylate,0.08572500000000001,0.042975000000000006,4
C=C(C)C(=O)NCC(O)C(O)C(O)C(O)CO,1-Deoxy-1-methacrylamido-D-glucitol,0.08374999999999999,0.057609649076059005,6
C=CC(=O)O.O=[N+]([O-])O.OCCCCO,butylene glycol nitrate acrylate,0.082,0.0,2
C=C(C)C(=O)OCC(=O)Oc1ccc(OC)cc1,2-(p-methoxyphenoxy)-2-oxo-ethyl methacrylate,0.0813,0.011700000000000002,4
C=Cc1ccc(C(=O)O)cc1,p-Vinylbenzoic acid,0.0801,0.0567,4
C=Cc1ccc(S(=O)(=O)[O-])cc1.[Na+],4-vinylbenzenesulfonic acid sodium salt,0.0782533333333333,0.03810954677709453,12
COC(=O)CC1CO1,"methyl 3,4-epoxybutanoate",0.07666666666666667,0.05436502143433363,6
C=Cc1cccnc1,3-Vinylpyridine,0.07619999999999995,0.06869999999999996,4
O=C1NC(Cc2ccccc2)C(=O)O1,L-Phenylalanine N-Carboxyanhydride,0.0755975,0.0254065,4
O=C1COCCO1,p-Dioxanone,0.0755975,0.0254065,4
C=CN1CCCN(C=C)C1=O,"1,3-divinylhexahydropyrimid-2-one",0.075213,0.0,2
CC1CCCO1,2-methyltetrahydrofuran,0.0729,0.0621,4
C=CC(=O)Oc1cc(Cl)c(Cl)cc1Cl,"2,4,5-Trichlorophenyl acrylate",0.0725,0.0,2
C=C(CC(=O)OCCCC)C(=O)OCCCC,Di-n-butyl itaconate,0.0714,0.0,2
C=CC(=O)Oc1ccc(CC(=O)OCC)cc1,ethyl 4-(acryloyloxy)phenylacetate,0.0696,0.0,2
C=CS(=O)(=O)C=C,Divinyl Sulfone,0.06808666666666667,0.08633887704208858,6
C=CC(=O)CCl,Chloromethyl Vinyl Ketone,0.0676,0.0,2
C=C(C)c1cccc(C(C)(C)N=C=O)c1,dimethyl meta-isopropenyl benzyl isocyanate,0.06391666666666666,0.05447031046563093,12
CC1NC(=O)COC1=O,"3-methyl-2,5-morpholinedione",0.0627,0.0,2
C=CC=C(C)C,"4-methyl-1,3-pentadiene",0.0620999999999999,0.0,2
C=C(F)C(=O)OCC(Cl)(Cl)Cl,"2,2,2-trichloroethyl alpha-fluoroacrylate",0.0616,0.0,4
C=C(F)C(=O)OCC(F)(F)F,"2,2,2-trifluoroethyl alpha-fluoroacrylate",0.0616,0.0,4
C=C(C)C(=O)OCC(O)CCl,3-chloro-2-hydroxypropyl methacrylate,0.05616119999999999,0.11271232641091211,20
C1=CC2C3C=CC(C3)C2C1,Dicyclopentadiene,0.055734,0.035050304249749385,8
C=CC(=O)OCCC#N,2-Cyanoethyl Acrylate,0.052,0.0,2
CCOC=Cc1ccccc1,2-phenylvinyl ethyl ether,0.05012,0.03544019187306976,6
C=CN1CCN(CC)C1=O,1-ethyl-3-vinylimidazolid-2-one,0.04982,0.0,2
C=C(C)C(=O)[O-].[K+],Potassium Methacrylate,0.0484,0.0,2
CCOC(=O)C=CC(=O)O,Monoethyl fumarate,0.045,0.0,2
C=Cc1cc(O)ccc1O,Vinylhydroquinone,0.04289999999999995,0.03693629651169701,8
C=Cc1ccc(OC(C)(C)C)cc1,para-tert-butoxystyrene,0.0421,0.0,2
ClP1OCCO1,ethylene chlorophosphonite,0.0395999999999999,0.0,2
c1ccc(C2OCCO2)cc1,"2-phenyl-1,3-dioxolane",0.0395999999999999,0.0,2
C=CC(=O)O.O=[N+]([O-])O.OCCO,ethylene glycol nitrate acrylate,0.0384,0.0,2
C=CC(=O)COC(C)=O,acetoxymethyl vinyl ketone,0.037904,0.0,2
C1=COCCC1,"2,3-dihydropyran",0.0375,0.0,2
C=COc1ccc(C)cc1,p-tolyl vinyl ether,0.0375,0.0,2
C=C1CC(=O)N(C2(OC(C)=O)C=CC=CC2)C1=O,N-(1-acetoxyphenyl)itaconimide,0.0375,0.0,2
O=Cc1ccco1,furfural,0.0375,0.0,4
BrC=Cc1ccccc1,beta-bromostyrene,0.03713,0.0,2
C=C(C)C(=O)[O-],Methacrylate,0.0365,0.0365,4
C=CC(=O)Oc1ccc([N+](=O)[O-])cc1[N+](=O)[O-],"2,4-Dinitrophenyl Acrylate",0.0357,0.0123,4
C=Cc1ccc(N(C)C)cc1,p-dimethylaminostyrene,0.0356,0.004400000000000001,4
C=CN1CCN(C=C)C1=O,"1,3-divinylimidazolid-2-one",0.03492,0.0,2
C=C(C#N)C#N,vinylidene cyanide,0.03296666666666663,0.004939860546839552,6
CC(=O)OC=Cc1ccccc1,Acetoxystyrene,0.032,0.0,2
C=C(C)C(=O)Oc1ccccc1CCCCCCCCCCCCCCC,pentadecylphenyl methacrylate,0.031408149999999996,0.01509185,4
CCOCCOCCOC(F)=C(F)F,"1-[2-(2-ethoxyethoxy)ethoxy]-1,2,2-trifluoroethene",0.03026,0.0,2
CC(C)=COC=C(C)C,2-methyl-1-propenyl ether,0.03,0.0,2
C=C(C(=O)OC)C(F)(F)F,Methyl alpha-Trifluoromethylacrylate,0.029366666666666666,0.013236397630103978,6
C=Cc1ccc(OC2OC(=O)c3ccccc32)cc1,3-(4-vinylphenoxy)phthalide,0.02904999999999995,0.0037499999999999496,4
O=C=C(c1ccccc1)c1ccccc1,diphenylketene,0.0289999999999999,0.0,2
CC1COCC1C,"3,4-Dimethyltetrahydrofuran",0.0242,0.0,2
CC1NC(=O)C(C)OC1=O,"3,6-dimethyl-2,5-morpholinedione",0.0225,0.0,2
N#CC(C#N)=C(C#N)C#N,Tetracyanoethylene,0.022,0.0,2
C=C(C#N)C(F)(F)F,alpha-Trifluoromethylacrylonitrile,0.0206,0.016671532623007402,6
CCOC(=O)C1=C(C(=O)OCC)C2C=CC1O2,"diethyl 7-oxabicyclo[2.2.1]hepta-2,5-diene-2,3-dicarboxylate",0.01699499999999995,0.00955500000000005,4
C=CCO,Allyl Alcohol,0.016,0.0,2
C=Cc1ccc(C(O)(CC)CC)cc1,p-vinylphenyl diethylcarbinol,0.0152,0.0,2
C=CS(C)(=O)=O,Methyl Vinyl Sulfone,0.0139999999999999,0.0,2
C=Cc1ccc([Si](OC)(OC)OC)cc1,p-trimethoxysilylstyrene,0.0138,0.0,2
C=Cc1ccc([N+](=O)[O-])cc1,p-Nitrostyrene,0.0136499999999999,0.0,2
C=CC(=O)[O-],acrylate,0.013,0.0,2
C=CCC=C,"1,4-Pentadiene",0.011256,0.011256,4
ClC(Cl)=Cc1ccccc1,dichlorostyrene,0.010766666666666652,0.006715322446134329,12
O=C(O)c1ccc(N2C(=O)C=CC2=O)cc1,N-(4-carboxyphenyl)maleimide,0.0098894999999999,0.00017350000000000004,4
CCCCCCCCOC(=O)C=CC(=O)OCCCCCCCC,Dioctyl Maleate,0.0096,0.0096,4
C=COCCOCCOC(=O)C=C,2-(2-vinyloxyethoxy)ethyl acrylate,0.0095,0.0,2
N#CC=CC#N,Maleonitrile,0.009432000000000001,0.013338862320303032,6
[C-]#[N+]c1ccccc1C,tolylisocyanide,0.00912705,0.003115808842542601,6
C=C(CC(=O)O)C(=O)OC,itaconic acid monomethylester,0.009104000000000001,0.000464,4
COC(=O)C(F)=C(F)F,methyl trifluoroacrylate,0.008603333333333334,0.00897418643790189,6
C#Cc1ccc(OC)cc1,p-methoxyphenylacetylene,0.0074399999999999,0.0,2
C=COCCOCCOC(=O)C(=C)C,2-(2-vinyloxyethoxy)ethyl methacrylate,0.0074,0.0,2
C=CN(C=C)c1ccccc1,"N,N-Divinylaniline",0.00713,0.00587,4
CC1=CC(=O)OC1=O,Citraconic anhydride,0.006,0.0045000000000000005,4
C=COC1CC2CC1C1CCCC21,"8-vinyloxytricyclo[5.2.1.0²,⁶]decane",0.005916666666666667,0.003683823496797255,6
CC(=O)NC1[C@H](COC[C@@H]2C(CO)O[C@@H](COC[C@@H]3C(CO)O[C@@H](O)C(NC(C)=O)[C@@H]3O)C(NC(C)=O)[C@@H]2O)OC(CO)[C@@H](O)[C@H]1O,chitin,0.0057,0.0021,4
CC(C)=CCCC(C)CCO,citronellol,0.005284666666666667,0.005083614549598434,6
O=P([O-])([O-])C=C(c1ccccc1)c1ccccc1,diphenylvinylphosphonate,0.0045,0.0,2
C=CC(C)(O)CCC=C(C)C,linalool,0.0044238125,0.006106172746120826,8
C=C(CCCC)CCCCCCCCCCCCCC,5-methylenenonadecane,0.0036,0.0,2
CCCCCCN1C(=O)C=CC1=O,N-hexylmaleimide,0.0029059899999999746,0.0017176666210589001,8
C=C(OC(C)=O)c1ccccc1,alpha-acetoxystyrene,0.0026999999999999,0.0,2
COC(=O)C=CC(=O)O,Monomethyl Maleate,0.002275,0.002275,4
C#CC#N,Cyanoacetylene,0.00225,0.0,2
C=CCN,allylamine,0.001683,0.0,2
O=C(O)C=CC(=O)O,maleic acid,0.001683,0.0,2
OCC1=CC2CCC1C2,2-hydroxymethylnorbornene,0.001248,0.0,2
CC(=O)c1ccc(N2C(=O)C=CC2=O)cc1,N-(4-acetyl phenyl)maleimide,0.000995,0.00020359273071502335,6
C=COCCOC(=O)Nc1ccccc1,2-vinyloxyethyl phenylcarbamate,0.00085,0.0,2
O=C1C=CC(=O)N1Cc1ccccc1,N-benzyl maleimide,0.0008,0.0,2
C=COC(=O)CCCCC,vinyl hexanoate,0.0006180000000000001,0.0006299999999999999,4
CC1=CCC(C(C)(C)O)CC1,alpha-terpineol,0.000132,0.0,2
Cc1c2oc(=O)ccc2cc2ccc(=O)oc12,"10-methyl-2H,8H-benzo[1,2-b:5,4-b']dipyran-2,8-dione",0.0001,0.0,2
ClC=C(Cl)Cl,Trichloroethylene,6.666666666666666e-07,9.428090415820633e-07,6
C=C(c1ccccc1)C(F)(F)F,alpha-trifluoromethylstyrene,0.0,0.0,2
S=[PH2]C=C(c1ccccc1)c1ccccc1,Diphenylvinylphosphine sulfide,0.0,0.0,4
CC(C)=C1N=C(C(C)C)C(=O)O1,2-Isopropylidene-4-isopropyl-3-oxazolin-5-one,0.0,0.0,2
CC(=O)Oc1ccc(N2C(=O)C=CC2=O)cc1,N-(p-acetoxyphenyl)maleimide,0.0,0.0,2
C=C(C)CS(=O)(=O)[O-].[Na+],sodium methallylsulfonate,0.0,0.0,2
O=C1C=C(Cl)C(=O)O1,alpha-chloromaleic anhydride,0.0,0.0,4
O=S1(=O)C=CCC1,2-sulfolene,0.0,0.0,2
O=C1C=CCO1,Crotonolactone,0.0,0.0,2
CC1=NC(=C(C)C)OC1=O,2-Isopropylidene-4-methyl-3-oxazolin-5-one,0.0,0.0,2
Nc1ccc(O)cc1,p-amino phenol,0.0,0.0,4
COC(=O)C=Cc1ccc(Cl)cc1,Methyl 4-chlorocinnamate,0.0,0.0,2
O=C(O)C=CC=CC(=O)O,"cis,trans-muconic acid",0.0,0.0,2
O=C([O-])C=CC(=O)[O-],fumarate,0.0,0.0,2
ClCC=Cc1ccccc1,chloromethylstyrene,0.0,0.0,2
C=CC1CCCCC1,vinyl cyclohexane,0.0,0.0,2
C=C(C)C(=O)OCC(NC(=O)C(Cl)Cl)C(O)c1ccc([N+](=O)[O-])cc1,2-dichloroacetylamino-3-hydroxy-3-(4-nitrophenyl)propyl methacrylate,0.0,0.0,4
O=[PH2]C=C(c1ccccc1)c1ccccc1,Diphenylvinylphosphine oxide,0.0,0.0,4
C=C(C)C(=O)Oc1cccc(C2OCC(NC(=O)C(Cl)Cl)C(c3ccc([N+](=O)[O-])cc3)O2)c1,"3-[5-(dichloroacetylamino)-4-(4-nitrophenyl)-1,3-dioxan-2-yl]phenyl methacrylate",0.0,0.0,4
PC=C(c1ccccc1)c1ccccc1,Diphenylvinylphosphine,0.0,0.0,4
c1ccc(P2OCCO2)cc1,"2-phenyl-1,3,2-dioxaphospholane",0.0,0.0,2
CC(C)CC(=C[PH2]=O)CC(C)C,Diisobutylvinylphosphine oxide,0.0,0.0,4
O=Cc1cccc(C=O)c1,isophthalaldehyde,0.0,0.0,2
C1=CSCC1,"2,3-dihydrothiophene",0.0,0.0,4
C1=CCOC1,"2,5-dihydrofuran",0.0,0.0,2
C=C(O[Si](C)(C)C)c1ccccc1,alpha-Trimethylsilyloxystyrene,0.0,0.0,4
ClC(Cl)=C(Cl)C(Cl)=C(Cl)Cl,Hexachlorobutadiene,0.0,0.0,2
FC(F)=C(Cl)Cl,"1,1-Dichloro-2,2-difluoroethylene",0.0,0.0,2
C(C=Cc1ccccc1)=Cc1ccccc1,"1,4-Diphenyl-1,3-Butadiene",0.0,0.0,4
C=CC(C)(C)C,tert-Butylethylene,0.0,0.0,2
O=Cc1ccc(C=O)cc1,terephthalaldehyde,0.0,0.0,2
CC=CC#N,crotononitrile,0.0,0.0,2
CC1=CC(=O)N(c2ccc(C)cc2)C1=O,N-p-tolylcitraconimide,0.0,0.0,2
ClCCCl,Dichloroethylene,0.0,0.0,2
C=CC=COC(C)=O,"1-Acetoxy-1,3-butadiene",0.0,0.0,2
C=CC(=O)NCO,N-methylol acrylamide,0.0,0.0,2
C=C[Si](OCC)(OCC)OCC,vinyltriethoxysilane,0.0,0.0,2
C=C[Si](OC(C)=O)(OC(C)=O)OC(C)=O,vinyltriacetoxysilane,0.0,0.0,6
C=COC(C)C,isopropyl vinyl ether,0.0,0.0,4
CC(C)=C1N=C(CC(C)C)C(=O)O1,2-Isopropylidene-4-isobutyl-3-oxazolin-5-one,0.0,0.0,2
C=CCOCC=C,allyl ether,-1.2e-05,0.0,2
FC1=C(F)C(F)(F)C(F)(F)C1(F)F,octafluorocyclopentene,-0.000768,0.000768,4
COC(=O)C=C(CC(=O)OC)C(=O)OC,Trimethyl aconitate,-0.0020000000000000018,0.3446969683649684,10
C=Cc1ccc(S(=O)(=O)[O-])cc1.[K+],potassium p-vinylbenzenesulfonate,-0.0042,0.02151650529244933,6
CCOC(=O)C=C(CC(=O)OCC)C(=O)OCC,Triethyl aconitate,-0.055,0.055,4
ClC(Cl)=C(Cl)Cl,tetrachloroethylene,-0.116725,0.2391686870926042,10
C=CC=CC#N,1-cyanobutadiene,-0.136,0.0,2
C=C(C)C(=O)OCC,ethyl methacrylate,-0.20874635849056608,6.771138522551252,106
N#CC(C#N)=Cc1ccccc1,"2-phenyl-1,1-dicyanoethene",-0.38782285714285714,1.108561304313121,14
CCOC(=O)C(C#N)=Cc1ccccc1,Ethyl benzylidenecyanoacetate,-0.5229999999999999,1.2811662655565044,8
C=C(C)C(=O)OCCC,Propyl Methacrylate,-0.5291000000000001,0.7582000000000001,4
C=CCP(=O)(CC=C)c1ccccc1,diallylphenylphosphine oxide,-0.7979999999999999,0.0,2
C=CCNC(=O)NCC=C,"N,N'-diallylurea",-1.74,0.0,2
C=CCn1c(=O)n(CC=C)c(=O)n(CC=C)c1=O,triallyl isocyanurate,-4.245,0.6450000000000002,4
C=CCN(CC=C)c1nc(N)nc(N)n1,diallylmelamine,-4.686,0.516,4
c1ccc2ccccc2c1,Naphthalene,-56.98912,92.12498762820867,10
