source_filename,mean_error,median_error,std_error,min_error,max_error,count
10.3390_polym11030487.json,100.5973463466498,1.505403199999999,143.15826869978358,1.067492599999999,309.9529199999494,30
10.1021_ja01216a006.json,70.59871468977279,65.05404500000142,73.85493442313117,0.13284930000000106,196.7842590000058,44
10.1002_pol.1961.1205516120.json,33.994447651624924,26.27336607500011,35.611417542755525,0.006186614000000007,83.66568171999947,40
10.1295_koron1944.30.223.json,30.35222024100069,0.7569967499999998,42.77610852572891,0.27243779999999984,90.81126286000207,30
10.1002__sici_1521-3935_19990801_200_8_1935__aid-macp1935_3.0.co_2-1.json,13.52178724035084,12.822120399999879,6.763459769606968,0.6705989999999851,26.428172999999937,57
10.1002_pola.1990.080280408.json,6.581429951000018,8.97838019000004,3.8888597119805186,0.53478605,10.486418200000015,30
10.1002_pol.1973.170111201.json,5.054415500000001,4.936449400000001,0.3976130723639926,4.601193900000001,5.770955940000001,10
10.1246_bcsj.54.3245.json,2.7877613603333207,0.226919,3.815881990105584,0.0008554000000000062,9.509468699999962,30
10.1002_pola.23152.json,2.5182254829999966,2.4199001499999966,1.4022647462588709,0.7502249999999993,4.089575299999994,20
10.1295_polymj.17.761.json,1.9181047017499977,0.5572710499999984,2.492882147812814,0.07448200000000171,6.714888199999993,40
10.1002_pol.1959.1203613051.json,1.661567843000001,0.8693883599999996,1.248524736539475,0.0158704999999999,3.838455699999999,40
10.1002_app.13237.json,1.5631737090000013,1.5540294500000016,0.40368302840836395,0.9147603000000015,2.1796020000000014,10
10.1002_macp.1971.021440118.json,1.5011565344999962,0.6919141000000002,1.8650227136680437,0.02189604999999989,5.388790999999984,40
10.1002_apmc.1982.051050109.json,1.294801205299999,1.1295986499999988,1.0477976830511748,0.04434970000000016,4.855301999999988,100
10.1002_macp.1985.020101985116.json,1.2049999999999987,1.2049999999999987,0.825515667392542,0.11863181999999999,2.2913681799999974,20
10.1080_00222338408056576.json,1.1794808319999996,0.15215029999999996,2.04304703190934,0.003896179999999888,6.245470449999998,50
10.1002_macp.1996.021970719.json,1.08644643,1.1934636500000004,0.5012813440267995,0.036881799999997966,1.9001941999999983,40
10.1016_0014-3057(76)90065-3.json,1.0569174314999976,0.6856888499999996,1.1007394022695938,0.006994940000000005,3.561872299999991,40
10.1016_0032-3950(84)90244-2.json,1.0545219299999995,0.15769252499999997,2.178771497446849,0.0007126299999998947,7.368646104999998,80
10.1002_app.24328.json,1.0480217290000002,1.0171057500000003,0.4247186979891723,0.3060351000000001,1.7574381200000002,20
10.1007_s10965-019-1776-7.json,0.8852785257333333,0.06282086400000005,1.6709017820502259,0.002792770000000097,5.079969763999999,60
10.1002_pol.1960.1204314214.json,0.8523763595800002,0.32619606000000023,0.9924130375276219,0.008799749999999995,2.810617552,20
10.1002_app.1284.json,0.805567886666666,0.24862569999999945,1.011403579873967,0.0066582000000001695,2.903224299999998,60
10.1016_j.polymer.2004.09.068.json,0.7922230920000004,0.6801633500000005,0.6003139944410181,0.056765200000000515,1.8574102200000007,10
10.1246_bcsj.41.543.json,0.7871783780000001,0.41068228000000007,0.820373382178909,0.0006014199999999637,1.9887766700000002,20
10.1002_pola.1990.080281224.json,0.7067115416833335,0.32565047,0.9297089689417076,0.024464300000000216,3.1945313250000007,60
10.1002_pol.1961.1205516104.json,0.6944999999999999,0.6944999999999999,0.3524814425964692,0.14705203,1.2419479699999998,20
10.1002_app.25271.json,0.6816,0.6816,0.3185662846343705,0.28864095,1.07455905,20
10.1021_ja01184a053.json,0.6704617734716677,0.05592853650000001,1.1995853694217287,0.0009282559999999052,3.7161657500000054,60
10.1002_pola.1992.080301104.json,0.6435165279999999,0.5860007199999999,0.17060580603964454,0.3984915,0.9038266999999999,10
10.1002_apmc.1991.051920104.json,0.6327443819999988,0.5698170999999989,0.32613411646753454,0.18788929999999882,1.264430749999999,10
10.1002_pola.20149.json,0.6287544359999999,0.5921742999999999,0.09572025027324192,0.49961089999999997,0.7661876999999999,10
10.1002_macp.1984.021850212.json,0.6209241807500002,0.2344156,0.8273830892502344,0.05154044,2.829264690000001,40
10.1002_app.1993.070500715.json,0.6105824210000004,0.5961318500000004,0.14804496341359638,0.36918130000000027,0.9021781500000003,10
10.1002_macp.1967.021030131.json,0.6028981309999997,0.38841769999999975,0.6004192971781243,0.06406729999999983,1.7344330499999998,10
10.1002_pol.1964.100020820.json,0.5623490366666676,0.41214855000000017,0.5527346036670605,0.019035399999999925,1.891033100000003,30
10.1002_apmc.1991.051840113.json,0.5501261944999996,0.5895794499999997,0.3693773919769402,0.10819290000000004,1.1987807999999993,20
10.1002_pol.1960.1204314211.json,0.5225118754999997,0.4618705299999997,0.32872823201869045,0.08921029999999985,1.1879355299999996,20
10.1002_macp.1971.021470118.json,0.5054445169999999,0.4571993999999999,0.3652505306156224,0.0017374699999999077,1.27053205,40
10.1002_app.1992.070451106.json,0.4765338194000004,0.2585971150000001,0.4172625114946879,0.015706850000000105,1.4230932600000012,50
10.1002_macp.1967.021040127.json,0.46837835749999945,0.43107526499999943,0.2740794523025563,0.01449450000000052,0.9571540599999994,20
10.1002_pola.26906.json,0.444674517,0.412390435,0.21676320328987778,0.22452469999999997,0.861475,10
10.1007_bf00255507.json,0.43193055449999995,0.38049633999999993,0.41164244124210797,0.020916780000000107,0.9138473499999997,20
10.1002_pola.20819.json,0.41491785099999945,0.36419139999999944,0.3295592484517096,0.014984000000000108,0.9505776499999989,20
10.1021_ja01113a025.json,0.40525690400000003,0.31845948999999996,0.3453849523406393,0.01708839000000001,1.08847694,30
10.1134_s1560090414020067.json,0.4047750245,0.16066928499999997,0.40524171663177583,0.0031450800000000223,1.3803226400000002,40
10.1002_app.1987.070330307.json,0.38971774133333337,0.22928824999999997,0.4347253163835344,0.008970620000000123,1.5219905,30
10.1016_j.polymer.2021.123989.json,0.3853859229999999,0.38253089999999956,0.1928219946723262,0.009394400000001246,0.7296657400000004,30
10.1002_macp.1975.021760815.json,0.3778466836666665,0.08778652999999997,0.7718410645317729,0.0038108600000000825,3.0469167599999984,90
10.1016_0032-3950(76)90486-X.json,0.3776934421000001,0.046736530000000095,0.6928043281674562,0.0112774460000001,1.7061146,10
10.1081_ma-200056324.json,0.37308501699999985,0.3213034499999997,0.2265066497874649,0.0017756400000000783,0.9039556400000005,40
10.1016_0014-3057(79)90226-X.json,0.3716502461999998,0.27268313499999985,0.3152008979351224,0.00371210000000044,1.1742049399999992,50
10.1016_0014-3057(93)90092-T.json,0.353346258666667,0.26018562000000045,0.3137504718619945,0.0012277399999999217,1.0926114800000006,30
10.1002_macp.1982.021830104.json,0.35104956501666634,0.06756839499999996,0.6082680200145911,5.356999999994727e-05,2.136390999999999,60
10.1002_apmc.1977.050620108.json,0.3474249999999999,0.35034872999999994,0.07987744755228175,0.1613676599999998,0.50583234,40
10.1002_pol.1977.170150618.json,0.3323289026499988,0.14366277000000047,0.505657029787463,0.001415499999999903,2.042180499999991,80
10.1021_ma00142a062.json,0.31916754599999997,0.267389415,0.1458714860466318,0.20524940000000003,0.6041349,10
10.1002_apmc.1977.050620107.json,0.30946598674999987,0.29699463499999984,0.21108258908538713,0.0023188000000000653,0.7864705499999998,40
10.1016_0014-3057(68)90048-7.json,0.3039864304545453,0.3164719599999998,0.21712121177657634,0.00010973000000025213,0.9523294000000002,110
10.1002_pol.1979.170170424.json,0.3020557825000002,0.3356987500000002,0.21546019870576072,0.016561700000000013,0.6826222000000005,20
10.1007_BF00254849.json,0.298689254,0.24457874999999993,0.21741634738296858,0.04629070000000013,0.8616793299999997,30
10.1002_pol.1971.160090823.json,0.29321740799999957,0.31686557499999957,0.18113786775032767,0.018933899999999504,0.5914112999999995,10
10.1002_app.1979.070231102.json,0.2877083540000001,0.3205206250000002,0.14364051337706538,0.004542299999999777,0.56008564,30
10.1007_s00289-007-0787-4.json,0.2848543563333331,0.30112045000000004,0.12829879339635442,0.043199600000000116,0.5135184999999993,30
10.1080_00222338208063268.json,0.27976156900000004,0.2747957000000001,0.1464338199369899,0.014673180000000008,0.6322471999999999,30
10.1002_pol.1977.170150707.json,0.27759228199999986,0.23511977499999978,0.17815470850619378,0.05663999000000011,0.7893946999999999,60
10.1002_jemt.23384.json,0.2759296196666667,0.25477471000000007,0.1293279578371716,0.06742650000000006,0.5471038000000001,30
10.1002_bscb.19560650514.json,0.2754674155,0.31198958,0.15717658648738705,0.00815921,0.56467764,20
10.1007_BF01496929.json,0.27085322953333335,0.0965733650000001,0.30780668944623846,0.0023271599999998976,0.96507915,30
10.1134_s1560090420030148.json,0.2705322920000001,0.1964530000000001,0.20473362444660032,0.009285699999999952,0.7119876700000002,40
10.1016_0032-3861(79)90145-9.json,0.269602268125,0.21764010000000011,0.20862570480702775,0.004603800000000047,0.7496165000000001,40
10.1007_s10853-005-6297-6.json,0.2654089224999999,0.2222372649999998,0.1517757077042224,0.012501899999999955,0.63359075,40
10.1039_TF9524800763.json,0.2637342955499998,0.1650752899999998,0.26697220963871554,0.005335319999999991,0.7122820999999995,20
10.1002_pola.29017.json,0.26239028999999997,0.27768265000000014,0.19605152116012717,0.023491300000000326,0.5619560499999999,20
10.1080_10601326908051918.json,0.26005753299999995,0.19043904999999978,0.21823090861378358,0.026155300000000103,0.69644046,30
10.1007_s00289-020-03123-5.json,0.2573405540000002,0.2515879200000002,0.14396520344935754,0.027483800000000835,0.5755020999999996,20
10.1016_0032-3861_96_81142-6.json,0.2562513034999995,0.2207432999999991,0.2387692073155217,0.00600069999999997,0.7223692999999991,20
10.1002_pol.1970.150081106.json,0.25538306514285714,0.18462323500000005,0.2523778768705039,0.000992319999999991,1.2378374599999995,70
10.1002_macp.1986.021870801.json,0.2548081363333334,0.22529177500000008,0.16750872445193943,0.002027550000000017,0.68393426,30
10.1515_epoly.2011.11.1.675.json,0.25410506166666724,0.23914795,0.1573217969162821,0.017167799999999955,0.689800700000001,60
10.1002_app.1960.070041111.json,0.2525853986666667,0.1301122500000002,0.25874269310477416,0.0031713999999999354,0.9470267500000001,60
10.1002_pol.1971.150090401.json,0.2493337704000002,0.23716073999999998,0.18388084896185394,0.00091252,0.7679524,50
10.1016_s0032-3861_01_00697-8.json,0.24716005305,0.212072995,0.18322957730109973,0.024156064,0.52335893,20
10.1246_bcsj.53.3012.json,0.24355582500000042,0.2500582250000005,0.1497990478223847,0.03651550000000048,0.5119949400000006,10
10.1002_pol.1963.100010516.json,0.24322042799999974,0.08041567499999991,0.2744274959980721,0.00038704000000000516,0.8751785599999993,30
10.1002_app.1986.070310531.json,0.23852118943750003,0.06772128500000009,0.39611191922050776,0.005659140000000007,1.722657116,80
10.1139_v56-057.json,0.23339282100000003,0.24135428000000003,0.12421473546316936,0.00566090000000008,0.43485973,20
10.1002_macp.1982.021830805.json,0.23067058199999999,0.23309075,0.16265680147766964,0.011341350000000028,0.5714364,40
10.3389_fchem.2014.00091.json,0.2279793963333331,0.14959649999999958,0.23280774474088772,0.018219950000000318,0.74735486,30
10.1080_00222337708061249.json,0.22469589215000005,0.14819764999999996,0.2551457066748911,0.0022677750000001003,1.0668315000000002,40
10.1002_macp.1978.021790510.json,0.21949755100000004,0.21220698000000005,0.14740729796614102,0.028050630000000076,0.5008706999999999,20
10.1002_pol.1962.1206217409.json,0.21816235224285707,0.101744923,0.25141666442836563,0.0005291999999998964,0.9790188699999998,70
10.1002_pol.1956.120219822.json,0.21718335599999997,0.18908999999999998,0.12281048596372363,0.09068443999999998,0.49449879999999996,10
10.1002_pol.1959.1203512832.json,0.21293057816666666,0.10519307500000005,0.2285689489809339,0.004072040000000096,0.8216873099999998,60
10.1002_pol.1959.1203512817.json,0.21125530899999986,0.19023821999999985,0.1353243542206528,0.014859200000000405,0.5223691999999996,20
10.1016_0032-3950(65)90513-7.json,0.20987092200000004,0.21930907500000008,0.08757117342517876,0.007834899999999978,0.30573546000000007,10
10.1016_0032-3950(69)90429-8.json,0.20986882999999992,0.2122165149999998,0.161244863790501,0.03754879999999999,0.6169886799999998,20
10.1002_pol.1984.170220711.json,0.2093742825000001,0.21999667000000003,0.10738880654467771,0.016682100000000033,0.40688565000000015,40
10.1002_pi.4949.json,0.20691495300000046,0.09464213499999996,0.2261129674764502,0.0023252000000006934,0.8721066600000009,40
10.1016_0032-3861(70)90017-0.json,0.20572291383333333,0.15940399000000005,0.1658230070214746,0.012954999999999939,0.5981576599999999,30
10.1002_macp.1989.021900509.json,0.20552612655555558,0.16874878500000018,0.1627161048247464,0.0037315199999999327,0.6374910500000001,90
10.1002_macp.1967.021100111.json,0.2004520491325,0.11324030999999993,0.21275416135588918,0.0045819613,0.7586577650000002,40
10.1016_j.polymer.2006.11.010.json,0.19802414200000001,0.206376075,0.07412538604793784,0.07318665,0.31277844,10
10.1246_nikkashi1948.70.11_1938.json,0.1978458675,0.16399471499999993,0.1468179844053784,0.0020599199999998957,0.596638,50
10.1080_10601326808051881.json,0.19721311949999992,0.10386274499999992,0.20802837524804002,0.006132869999999985,0.6254110399999998,20
10.1002_pol.1976.170141122.json,0.19701456600000014,0.16432024999999983,0.15510188361867042,0.0019681000000004722,0.4836466999999999,20
10.1002_macp.1961.020440145.json,0.19519165712499995,0.108207205,0.19358491995110125,0.00296908999999998,0.5941141499999998,40
10.1002_pol.1966.110040810.json,0.1925250126666667,0.12673206999999997,0.15852002332783177,0.008806200000000097,0.5160582000000001,30
10.1002_pol.1967.150050609.json,0.19004731173999984,0.10009346499999985,0.24976104595744175,0.0009158029999999998,0.7827061399999997,20
10.1002_pol.1982.170200618.json,0.18561044599999998,0.1523581149999999,0.128709999821621,0.03478410000000004,0.4881270299999999,30
10.1002_pol.1971.150090805.json,0.18499220940000005,0.1897573200000001,0.10838484799577537,0.024262949999999672,0.40095905000000026,50
10.1016_0014-3057(79)90175-7.json,0.184418439,0.13577220499999998,0.16982572582991096,0.0364599,0.6080815,10
10.1002_macp.1993.021940706.json,0.18438389700000007,0.14673770000000008,0.19807852749119398,0.0009073900000000079,0.6754795,20
10.1016_0032-3950(65)90141-3.json,0.18164668739999992,0.1739903499999999,0.12229594960960728,0.001513400000000109,0.5535066499999999,50
10.1016_0032-3861(88)90091-2.json,0.1811014489999998,0.1364529749999998,0.13020057982297523,0.09120672999999979,0.5182070499999998,10
10.1021_ja01183a046.json,0.1785110489999999,0.1615331449999999,0.10089664497120196,0.017283889999999996,0.3831078699999998,20
10.1295_polymj.17.737.json,0.17611703623333336,0.156317945,0.11565409678979785,0.002045462000000102,0.3716419250000001,30
10.1295_koron1944.23.765.json,0.1755229311,0.127952275,0.1743944018989545,0.04356147,0.60580754,10
10.1002_pola.1988.080260222.json,0.17450121040000005,0.10384298000000008,0.17434836016488173,0.0017682499999999712,0.7507277400000003,50
10.1002_pol.1961.1205415906.json,0.17366481000000009,0.1385262800000001,0.12913475655179815,0.0028149000000000646,0.4437169000000001,20
10.1002_pol.1963.100010404.json,0.17252381099999964,0.1841922149999996,0.08899424108589628,0.009807599999999583,0.3429439299999997,20
10.1002_macp.200900553.json,0.1721046684999999,0.1277660099999999,0.14651556463855672,0.013825670000000012,0.4200491999999998,20
10.1021_ma00157a007.json,0.17042341899999966,0.13126889999999924,0.1759737058957785,0.0047755399999998005,0.6973845999999992,20
10.1002_actp.1992.010430112.json,0.16937573550000007,0.16761398000000005,0.0320264779885385,0.1147630200000001,0.22787833000000002,20
10.1002_pola.1993.080310305.json,0.16794937600000012,0.14841260000000023,0.1154888170203278,0.007771899999999832,0.4270434000000002,30
10.1246_nikkashi1898.69.7_1367.json,0.16713163499999995,0.09377913999999994,0.1625399606499718,0.0027959599999999862,0.6031968499999999,20
10.1002_pol.1964.100021017.json,0.16577574350000002,0.1552068000000001,0.0934788074051875,0.020155869999999965,0.38629169999999996,20
10.1295_polymj.21.689.json,0.16484258360000015,0.16169625000000004,0.11521778806014522,0.0014973399999999026,0.4163113000000003,50
10.1139_v55-161.json,0.16408927295,0.11959198500000011,0.13004617516052347,0.002291150000000096,0.6666690799999998,60
10.1002_macp.1977.021780408.json,0.16293564000000002,0.12327001000000011,0.18761432709427261,0.006259400000000026,0.7812298400000001,40
10.1016_0014-3057(65)90013-3.json,0.16219655720000004,0.14493961500000002,0.09311958039340833,0.0005645400000000578,0.4031834000000001,50
10.1016_0032-3861(65)90048-0.json,0.16155062120000005,0.1625173749999999,0.11762211277002775,0.0014645399999999587,0.3543828300000002,50
10.1002_macp.1992.021930218.json,0.16144098599999993,0.1556041649999999,0.021150905460501992,0.13288757999999992,0.2107357599999999,10
10.1002_bscb.19500590704.json,0.16113288849999993,0.13061322499999992,0.12385587036447634,0.012247249999999932,0.556011,20
10.1080_10601328308056527.json,0.16098148160000006,0.0635879500000001,0.20826214344356273,0.00035609999999988706,0.8306532600000001,120
10.1002_pol.1976.170140318.json,0.16092749424999994,0.14078905999999994,0.11871655208152006,0.004328620000000005,0.4105416549999999,20
10.1002_pol.1955.120168240.json,0.16058814005749997,0.07247085,0.16761998767246963,0.0093869679999999,0.6020492799999998,40
10.1002_pola.1986.080240421.json,0.16027478075000004,0.08623292499999999,0.16889458626409706,0.007706530000000045,0.5850845800000002,40
10.1002_pol.1968.150060805.json,0.15898973475,0.10586271000000003,0.15578139619874573,8.295999999990977e-05,0.6790729,40
10.1002_pol.1952.120090403.json,0.158893082875,0.09353786000000008,0.21941113648577806,0.004676194,1.0789733,40
10.1002_pol.1949.120040209.json,0.15827873610000007,0.10505465999999995,0.1676157955738321,0.010286829999999969,0.7487432200000004,40
10.1016_0032-3950(64)90568-4.json,0.15706518999999972,0.1248329499999995,0.10946480425901803,0.017523600000000528,0.43648099999999945,20
10.1002_pola.1990.080281021.json,0.15572984544999993,0.11269915500000013,0.11994987801268349,0.007125978999999999,0.4535020799999998,20
10.1021_ja01136a046.json,0.15553562350000008,0.07444729000000003,0.2082205888408041,0.002373999999999876,0.9514538000000008,80
10.1002_mats201500072.json,0.15238383500000016,0.1519260250000002,0.08645035127671097,0.04024580000000011,0.26668005000000017,10
10.1021_ma60020a005.json,0.15190754825000002,0.10014158499999987,0.12952036190240293,0.019500240000000002,0.5058441099999998,40
10.1002_app.1991.070420601.json,0.15021683924999996,0.05524226499999996,0.22007259696717738,0.0011825999999998116,0.8732711799999999,40
10.1002_macp.1959.020310115.json,0.1499052333333333,0.097954895,0.13982769397080877,0.0028659300000001,0.5561055499999998,30
10.1002_macp.1967.021030106.json,0.14905359882500002,0.10760634999999996,0.166142604132899,0.0002623799999999024,0.7907858,40
10.1002_pol.1959.1204113837.json,0.14853954239999984,0.0816246749999999,0.14411424330095857,0.025976499999999847,0.5455719499999996,30
10.1080_00222337608061235.json,0.14850651182883326,0.04642132500000007,0.1958219557310067,0.00017989999999989958,0.8283713599999996,60
10.1002_pat.884.json,0.14833217333333326,0.10740121499999994,0.1254051008558218,0.006640700000000055,0.54343785,30
10.1002_pola.1991.080290105.json,0.14773888080000006,0.09337170500000005,0.15693291881910643,0.03450157000000001,0.6388654,20
10.1002_pol.1951.120060113.json,0.14730182466666675,0.05557475249999999,0.1740188171179512,0.004095450000000098,0.5588685300000003,30
10.1002_macp.1962.020580109.json,0.14718400824000002,0.11978844499999991,0.1051359414435611,0.0036449600000000304,0.4880655200000003,50
10.1002_app.30961.json,0.1456258820000002,0.13712910000000011,0.08210895244039736,0.0007281000000002313,0.33075630000000045,20
10.1295_koron1944.13.137_390.json,0.14520339914000008,0.09518342500000004,0.10527448043521113,0.0036776899999999835,0.38232743000000025,50
10.1139_v55-163.json,0.14365063095,0.09820231500000015,0.1275063074555232,0.005791150000000099,0.6666690799999998,60
10.1002_macp.1965.020830108.json,0.14344779140000002,0.12380536500000004,0.12581404524020937,0.023176526,0.48795489999999997,30
10.1002_macp.1967.021100123.json,0.14343292250000012,0.05794393999999997,0.16718592930193338,0.008069130000000313,0.6715000500000003,40
10.1021_ma00009a032.json,0.1428720420000001,0.1317283050000001,0.03459359026659252,0.1086520000000001,0.22589720000000008,10
10.1016_0032-3861(87)90424-1.json,0.1425020380000001,0.10276114000000011,0.12830275623733362,0.03769407999999991,0.5955111399999999,20
10.1016_0014-3057(95)00065-8.json,0.14230909033333333,0.10044065000000006,0.10907289735064292,0.0021816699999998856,0.41655023999999996,60
10.1246_nikkashi.1972.209.json,0.1417458429999999,0.12252427999999987,0.11326345152502895,0.012230200000000191,0.38257936999999986,10
10.1002_marc.1981.030020510.json,0.14161036900000024,0.10681334500000028,0.12703508365081692,0.010433600000000265,0.4031440300000003,10
10.1002_pol.1974.170121007.json,0.14135049499999983,0.1104920199999998,0.09351974830412023,0.0007500399999997853,0.32033499999999976,20
10.1002_(sici)1097-4628(19991213)74_12_2924__aid-app18_3.0.co;2-r.json,0.14060192724999976,0.11020771999999968,0.10967263673627148,0.0056920500000000596,0.5101457999999996,80
10.1002_app.1995.070561111.json,0.140055491,0.09223798500000002,0.15659941580665943,0.002582529999999972,0.4668896,10
10.1002_pol.1967.110050912.json,0.13922264616666666,0.10372962000000013,0.10828503188323323,0.0019496400000000857,0.37292249999999993,60
10.1002_pol.1961.1205416008.json,0.13806747099999975,0.14105909999999972,0.058699751357738854,0.03910139999999973,0.23587801999999974,10
10.1002_macp.1967.021100127.json,0.13711082433333333,0.10726307499999982,0.09480007934386493,0.015951950000000104,0.29825564000000004,30
10.1002_pola.21702.json,0.13536425499999996,0.13234762,0.07996347027428313,0.023011759999999937,0.24715589999999987,10
10.1002_pol.1976.170140815.json,0.13515,0.13515,0.05776494640852028,0.024967740000000016,0.24533225999999997,20
10.1081_ma-120017256.json,0.13492067066666635,0.09819932499999956,0.1057706148193647,4.091000000050471e-05,0.37299155999999956,30
10.1016_0032-3950(64)90266-7.json,0.1331456258,0.029874602,0.2194741248873527,0.014137444,0.7164739,20
10.1002_pola.1990.080281121.json,0.13253461800000005,0.12158182000000006,0.09881727235907699,0.001598680000000019,0.38006350000000017,20
10.1002_macp.1997.021980521.json,0.13249108633333326,0.06896624500000012,0.12798939515778185,0.009683499999999956,0.54261385,60
10.1007_s10965-008-9246-7.json,0.13159307100000006,0.12073022499999997,0.08481989048824397,0.0026848299999999714,0.3048586,30
10.1002_macp.1967.021100130.json,0.13093834000000007,0.09893735500000009,0.14596610792349043,0.005528499999999992,0.7170085,40
10.1016_0032-3861(95)91562-L.json,0.13035852155000005,0.09263359000000004,0.10970076268222957,0.011451428,0.39475873,20
10.1080_1023666x.2013.879437.json,0.1299728938333334,0.09551388000000016,0.10752230123714944,0.002560099999999843,0.4408628000000001,60
10.1002_app.23879.json,0.1290123290000001,0.10849483500000012,0.12593202287566554,0.002310299999999932,0.5070535000000002,20
10.1002_app.1965.070090412.json,0.12874738899999996,0.07023582499999997,0.15118130435456578,0.0025500000000000522,0.49487105,30
10.1002_pol.1948.120030202.json,0.12808661049999986,0.12042898499999982,0.07632717937509166,0.012299940000000231,0.3027439499999999,20
10.1016_0032-3950(70)90351-5.json,0.1280115873333334,0.1091327250000001,0.08487098228485701,0.017526020000000003,0.3151083700000001,30
10.1002_apmc.1986.051390110.json,0.1277651694999999,0.07770273,0.1411634465197517,0.0029770000000003405,0.5376735999999996,40
10.1002_pol.1969.150070836.json,0.12702798419999997,0.08797219999999997,0.11493116065928628,0.003725087000000101,0.5069127999999998,60
10.1002_pola.1989.080270825.json,0.12631260550000004,0.11882067000000002,0.09500262750250786,0.0038159499999999014,0.39418693000000005,40
10.1007_BF00255714.json,0.12608360349999995,0.1209558649999999,0.04099315974003949,0.07109739999999998,0.19127474,20
10.1016_s0032-3861(99)00116-0.json,0.12442636283333335,0.13296904999999976,0.07535803925660253,0.0008082000000002587,0.26812000000000014,60
10.1016_s0032-3861_99_00116-0.json,0.12442636283333335,0.13296904999999976,0.07535803925660253,0.0008082000000002587,0.26812000000000014,60
10.1002_app.1989.070370724.json,0.12412506699999998,0.12531392499999994,0.09308087685760867,0.00393068000000002,0.40967209999999976,30
10.1002_pol.1958.1202711523.json,0.12389670574999997,0.06942401499999995,0.11196064917337274,0.001565759999999916,0.3601763499999999,40
10.1080_00222338508063331.json,0.12341979956666661,0.07899541,0.185932762764865,0.0012094700000001013,0.8275672,30
10.1002_pol.1978.130160802.json,0.12335213874999998,0.068707005,0.1233742509187755,0.004483359999999992,0.5306552400000001,80
10.1002_pola.1180.json,0.12287482699999992,0.13859724999999995,0.07948746750148997,0.010691000000000228,0.2837726999999999,20
10.1016_0032-3861_75_90170-6.json,0.12157924904999991,0.06888031499999989,0.11487966978289324,0.010047345000000096,0.36994979999999966,20
10.1016_0032-3861(75)90170-6.json,0.12157924904999988,0.06888031499999989,0.11487966978289324,0.010047345000000096,0.36994979999999966,20
10.1002_pol.1958.1203112217.json,0.12142210299999982,0.11286028499999981,0.035788299479164676,0.07126102999999984,0.19336122999999983,10
10.1002_macp.1971.021470123.json,0.1201192413,0.09216334499999995,0.12300913401734709,0.0018178539999999938,0.5954799420000001,40
10.1016_0032-3861(92)90508-t.json,0.12005062733333345,0.05665288000000002,0.13789779175724232,0.0030284299999999154,0.4435135400000003,30
10.1002_apmc.1972.050250111.json,0.11972800300000022,0.13995510000000022,0.06050454783751053,0.02095360000000024,0.19357540000000018,10
10.1016_s0014-3057(02)00246-x.json,0.11940588950000011,0.09594325000000009,0.10837548195813362,0.0121093550000001,0.3287578700000001,10
10.1002_pol.1963.110010203.json,0.1181847417499999,0.09371488499999997,0.08425811740412703,0.008831559999999905,0.31003462999999976,40
10.3390_polym12010097.json,0.11776337900000007,0.041280350000000104,0.17468315188362024,0.0004619759999999057,0.5107605000000001,20
10.1007_BF00255696.json,0.11724261350000016,0.11194800000000021,0.09999303111584545,0.004301500000000097,0.3487477000000002,20
10.1002_recl.19490681010.json,0.11679923100000004,0.07018589,0.13546921587894742,0.002499229999999908,0.7137209000000002,60
10.1002_pol.1983.170211129.json,0.1166686007,0.08128434500000001,0.09471992535627069,0.008943106999999999,0.3164475,10
10.1002_app.1977.070210822.json,0.11626244899999992,0.09824580499999999,0.07426878266507123,0.027250819999999953,0.29105709999999974,30
10.1002_pol.1968.150060524.json,0.11625511566666671,0.08045597500000012,0.10205672350856435,0.0032015999999998046,0.33604770000000006,30
10.1002_app.25039.json,0.113503595,0.11208834250000001,0.020202066178752604,0.08551054,0.14978930999999998,10
10.1002_pol.1984.170220804.json,0.112451137,0.11247552499999999,0.08281277234133676,0.01800495000000002,0.20155806000000004,10
10.1002_app.1972.070160602.json,0.11233313386666671,0.09006514000000013,0.10352638662964082,0.000974340000000018,0.36606705,30
10.1295_koron.32.189.json,0.11228591133333327,0.0925204249999999,0.08601695320324242,0.0016019699999999248,0.32563385999999994,30
10.1021_ja01483a035.json,0.11215991855750007,0.07522880500000009,0.10865588959346255,0.00036262169999999984,0.4586752600000001,40
10.1016_0032-3861(79)90179-4.json,0.11132945599999992,0.07783137499999992,0.09391609498573703,0.0008931999999999274,0.3597567899999998,40
10.1002_pola.21297.json,0.11095961933333331,0.06167018499999993,0.11920743016305212,0.009990700000000241,0.4271959999999999,30
10.1002_pi.4990310411.json,0.11028249600000004,0.10668372000000004,0.06265609609407218,0.011952679999999938,0.22550984000000007,10
10.1002_pi.1466.json,0.10973096100000006,0.11281199000000006,0.05598929974797517,0.001906069999999982,0.2635591000000001,40
10.1002_pol.1971.150090918.json,0.10886897400000002,0.10488208500000004,0.06451035498722278,0.017023749999999997,0.24429568000000007,40
10.1021_ma9819337.json,0.10690529900000004,0.07192558999999987,0.10013540992968287,0.0050783600000003926,0.38860835000000005,20
10.1016_0014-3057(94)90272-0.json,0.10638235400000011,0.10217341500000009,0.04159524215460736,0.05488238000000009,0.18284216000000011,20
10.1016_0032-3950(64)90237-0.json,0.10614403466666662,0.06385208000000003,0.13368567533927467,0.005060799999999976,0.5206763999999999,30
10.1590_1516-1439.012015.json,0.10611322900000004,0.10345821500000005,0.06267434667528558,0.0048513400000001206,0.21715069999999997,20
10.1016_0032-3861(64)90192-2.json,0.10585728900000009,0.10136472500000004,0.07293907637565299,0.011837540000000035,0.25480723000000005,20
10.1002__sici_1097-4628_19970815_65_7_1285__aid-app6_3.0.co_2-e.json,0.1051117699999997,0.08077299999999987,0.08429930738081767,0.0011755999999996103,0.32443229999999934,30
10.1002_(sici)1097-4628(19970815)65_7_1285__aid-app6_3.0.co;2-e.json,0.1051117699999997,0.08077299999999987,0.08429930738081769,0.0011755999999996103,0.32443229999999934,30
10.1002_pol.1970.150080714.json,0.10510466666666668,0.09205003,0.0675868364047371,0.009964660000000097,0.3659619,60
10.1002_mren.201600050.json,0.10397953299999996,0.09694596499999997,0.07512509103866225,0.0233776,0.24931190000000003,10
10.1002_macp.1994.021950520.json,0.10377522674999998,0.11416143499999995,0.054739691105786206,0.005782729999999903,0.21614216,40
10.1002_apmc.1984.051250112.json,0.10299668510000004,0.050930917000000096,0.15821525031885247,0.00197480000000011,0.8541562999999999,70
10.1021_ja01157a004.json,0.10252405730000003,0.089294445,0.08408425497294543,0.0028946199999998895,0.32761973,40
10.1016_j.eurpolymj.2005.04.012.json,0.10231546500000004,0.07495940000000001,0.08710140026053284,0.0024975000000000414,0.2810568,20
10.1295_polymj.21.519.json,0.10184250700000011,0.1088917450000001,0.030577513603294214,0.036291150000000105,0.1474442300000001,20
10.1002_macp.1963.020600106.json,0.10084386972000005,0.07733558500000005,0.07944770575217,0.0041753280000001,0.37887318000000003,50
10.1002_pol.1958.1203312609.json,0.10045367074999981,0.07904170000000002,0.10479267295613233,0.0022156000000002063,0.4829255399999991,40
10.1021_ma00238a001.json,0.09871256250000005,0.0657219150000001,0.10664783384137645,0.002442160000000082,0.40764563000000004,20
10.1002_pol.1979.170170228.json,0.09847045400000003,0.07812777249999994,0.08927382937540036,0.0011790200000001,0.3680197000000001,40
10.1002_marc.1987.030081207.json,0.09761864247499999,0.027973678000000002,0.14115155032496865,0.0010142700000000011,0.518707,20
10.1016_s0032-3861(97)00363-7.json,0.096597996,0.11124138000000001,0.047417280454261385,0.006149229999999992,0.17006112,20
10.1016_0032-3861(93)90552-L.json,0.09519545000000004,0.08294002500000003,0.07560045194846189,0.0008564000000000904,0.24905524,20
10.1002_cjoc.201200625.json,0.09492470000000001,0.06112993500000001,0.09210893775880685,0.002510420000000013,0.26298183,10
10.1016_0032-3861(93)90331-4.json,0.09464398100000007,0.09357357000000008,0.015524255451441381,0.06454439000000017,0.13299522999999996,20
10.1021_ja01251a006.json,0.09353320866666667,0.0681032,0.09460324269094632,0.003174659999999996,0.45069790000000004,30
10.1002_pol.1950.120050607.json,0.09337283067083334,0.060845001499999996,0.10220534322560446,0.0005210500000001339,0.56382245,120
10.1002_macp.1978.021790710.json,0.09217087062,0.058116679999999976,0.11004512375104845,0.0002345115,0.5158907999999999,80
10.1002_polc.5070160653.json,0.09206931800000004,0.07482875000000005,0.05599105959731364,0.029002800000000106,0.23094315000000004,10
10.1002_pol.1983.170211126.json,0.09162798000000008,0.06664451500000004,0.06925979317246439,0.0013282299999999303,0.2221043000000001,40
10.1002_macp.1967.021030107.json,0.09129495006,0.0574596465,0.11218596566994887,0.001384057,0.5261667,40
10.1016_s0014-3057(02)00090-3.json,0.09108306455555558,0.06615148999999994,0.08713917195246891,0.0008460000000000134,0.39691200000000004,90
10.1016_s0014-3057_02_00090-3.json,0.09108306455555558,0.06615148999999994,0.08713917195246891,0.0008460000000000134,0.39691200000000004,90
10.1002_(sici)1097-4628(19970516)64_7_1259__aid-app3_3.0.co;2-i.json,0.08985177359166667,0.03158100999999991,0.13462443818359013,0.0018919687,0.5381082000000005,120
10.1002_pol.1959.1203613014.json,0.08967677533846147,0.05104806500000007,0.11092465277871719,0.00046223999999994714,0.5790459999999997,130
10.1002_pol.1986.140240507.json,0.0895053204000001,0.041015000000000204,0.12327210388254224,0.0013314680000000023,0.5267101200000003,40
10.1002_mren.201100065.json,0.08944854559999998,0.05382666,0.1000386148978999,0.0007268699999999906,0.4964877000000001,50
10.1002_pol.1965.100030218.json,0.08880306034999991,0.037469661,0.12295955526997682,0.00024140000000000272,0.43243319999999963,40
10.1002_pol.1965.100030308.json,0.08880306034999991,0.037469661,0.1229595552699768,0.00024140000000000272,0.43243319999999963,40
10.1039_d1py00750e.json,0.08854696749999998,0.06680138499999988,0.08159535908453792,0.00041284000000030296,0.3000894000000001,40
10.1002__sici_1097-4628_19970516_64_7_1259__aid-app3_3.0.co_2-i.json,0.08833757944133334,0.032159008,0.1288059318633814,0.00040244168,0.5250091000000005,120
10.1016_0032-3861(82)90020-9.json,0.08756277000000015,0.08489848500000019,0.05457421081612435,0.001135499999999956,0.21412305999999992,20
10.1002_pol.1976.170141012.json,0.08565589399999998,0.08640977999999994,0.04496295846902629,0.0013521999999999146,0.17670629999999998,10
10.1002_pol.1984.170220109.json,0.08544526864333338,0.08220733999999995,0.08589230394590254,0.0011278221,0.5443482000000001,60
10.1002_bscb.19500590907.json,0.08524661950000004,0.045416590000000034,0.10303173070125436,0.006492770000000037,0.3534495000000001,20
10.1002_app.27476.json,0.0825043356666668,0.08000301500000018,0.04424110027002262,0.0017827699999998226,0.16014110000000004,30
10.1016_s0032-3861_00_00019-7.json,0.08192736799999996,0.07042724999999994,0.0556065476757928,0.02003754999999996,0.15780499999999997,10
10.1016_s0032-3861(00)00019-7.json,0.08192736799999996,0.07042724999999994,0.05560654767579281,0.02003754999999996,0.15780499999999997,10
10.1002_macp.1961.020470112.json,0.07917295800000003,0.04822936999999988,0.0801070199242264,0.0002399299999999993,0.3368606200000001,40
10.1023_b_jpol.0000021749.81047.7f.json,0.07854808899999993,0.07546613999999999,0.057748564027638255,0.0022676000000002583,0.26074569999999975,20
10.1155_2014_643789.json,0.0784648250000001,0.07795227500000027,0.05269599187836712,0.00016639999999973343,0.18581920000000002,30
10.1002_pola.1991.080290308.json,0.078410403,0.05625291000000006,0.07785125946357123,0.0013699200000001077,0.33201022,30
10.1002_macp.1985.021860819.json,0.07676902966000006,0.0731781225,0.049051790716776004,0.0041763230000001,0.19095483000000008,50
10.1002_macp.1985.021860820.json,0.07676902966000006,0.0731781225,0.049051790716776004,0.0041763230000001,0.19095483000000008,50
10.1016_0032-3861(94)90549-5.json,0.07604913899999981,0.07033840000000002,0.04575062088476408,0.01581969999999977,0.14542909999999976,10
10.1002_pola.1992.080301024.json,0.07589951930000001,0.081593705,0.024252827793652034,0.0396553039999999,0.12248934000000011,20
10.1002_app.1986.json,0.07546409949999999,0.076076,0.04662192148338257,0.02314221999999999,0.12876347999999999,20
10.1002_pol.1949.120040505.json,0.07514123441999997,0.04002164999999995,0.10345711710368327,0.0006392300000001017,0.5899234460000002,100
10.1295_polymj.24.87.json,0.0746581835,0.04579921999999989,0.07544691084386526,0.0073473399999999245,0.35486172000000005,40
10.1002_bscb.19550640306.json,0.0742392195,0.059542964999999996,0.05400697653686009,0.01724635,0.19581900000000002,10
10.1002_pola.23695.json,0.0739774403333333,0.07020741999999991,0.05241310991496313,0.001138699999999826,0.20385333999999988,30
10.1002_macp.1983.021840305.json,0.07390583939999999,0.06890841000000003,0.05640402979497785,0.0003568700000000091,0.23369779999999984,50
10.1002_app.26290.json,0.07389299699999995,0.07621481999999995,0.028604733299358934,0.026962549999999808,0.11681179000000008,20
10.1016_0014-3057(74)90065-2.json,0.07369551075333329,0.07251044000000001,0.03876965399069716,0.0020472786,0.14684714,60
10.1002_app.1965.070090204.json,0.07353962161666665,0.04396631999999989,0.0784233302537817,5.209999999988835e-05,0.2905053299999999,60
10.1295_koron1944.26.593.json,0.07247782228555556,0.047329706500000054,0.08805957273524576,0.0004591799999999896,0.5815294999999999,90
10.1002_app.1958.json,0.07231426633333335,0.07064792500000003,0.048336236824063177,0.002185080000000006,0.18360566,30
10.1002_pi.2626.json,0.07192960199999984,0.05839037499999983,0.05212599730554091,0.0011816700000003566,0.21882062999999974,40
10.1002_pol.1948.120030214.json,0.071025937484,0.06283315,0.04542282814306641,0.0065809092,0.2307911,50
10.1135_cccc20071244.json,0.07085900000000005,0.06667500000000005,0.04284542140957055,0.0005848899999998936,0.16984084000000013,20
10.1002_app.35234.json,0.07066075000000008,0.05395300000000003,0.05842277035678461,0.004081199999999452,0.2231899000000005,20
10.1515_epoly.2012.12.1.181.json,0.07065804760000004,0.07375537000000001,0.03789029478037145,0.0008812899999999235,0.1266364000000001,50
10.1021_ja01187a053.json,0.07040100184999995,0.05851811499999994,0.05108769639521276,0.0042345905,0.2645352199999999,50
10.1038_1981085a0.json,0.0689588294999999,0.05482914999999999,0.06889524995136818,0.017121159999999858,0.3349459599999999,20
10.1081_ma-100101636.json,0.06868038633333326,0.06393599000000005,0.043896384940772575,0.006506300000000076,0.17204320000000006,30
10.1002_macp.1993.021940809.json,0.06858983900000008,0.0545688000000001,0.05920862494849426,0.0027730400000001154,0.18016968000000008,10
10.1002_pol.1967.150051015.json,0.068457722,0.03702087999999999,0.06310125153901641,0.0020005800000000296,0.1928353,20
10.1016_0014-3057(89)90013-X.json,0.06803998566666666,0.056139899999999965,0.057597207096621646,0.0025316500000002184,0.24900610000000023,30
10.1002_macp.200700239.json,0.06770206566666669,0.05840206999999986,0.04037423991666392,0.013063240000000031,0.13480070000000022,30
10.1021_ma00010a050.json,0.06765811649999995,0.05118243999999994,0.057965487447616815,0.008578500000000044,0.23220047000000005,20
10.1002_app.23226.json,0.06746864575000004,0.04652080000000006,0.0697658245492234,0.0007989600000000152,0.3034798000000001,40
10.1002_pol.1950.120050209.json,0.06717305090316669,0.022114627000000005,0.13752383595563258,0.002365501599999936,0.8437873699999999,60
10.1080_00222337808069413.json,0.06708327045000004,0.03918258500000005,0.07763590528117191,0.0002451199999999043,0.3587819100000001,40
10.1002_macp.1970.021390112.json,0.066611008,0.05883689,0.045554621324227856,0.019241730000000012,0.14639528,10
10.1007_s10965-005-3184-4.json,0.06651374400000003,0.0376195450000002,0.09040961473361599,0.0014676700000000042,0.3629350699999999,40
10.1002_pola.10964.json,0.06635953999999998,0.061277999999999944,0.04571770755020394,0.001900849999999843,0.15922730000000018,40
10.1246_bcsj.38.1535.json,0.06593434674666665,0.024543186,0.07931244150492084,0.00079256395,0.29051825000000003,60
10.1002_mren.201900014.json,0.06591012600000007,0.047404865000000074,0.059881242202087605,0.0006101200000003804,0.26261789,60
10.1002_macp.1983.021840614.json,0.06578461672000001,0.04445014750000009,0.06553190419823156,0.0013670799999999095,0.2962942999999999,50
10.1080_00222338108056756.json,0.06565347099999999,0.054558545,0.034379717221079784,0.032434889999999994,0.12573833,10
10.1021_ma50004a008.json,0.06546083520000008,0.0749130580000001,0.04674627710064975,0.0046833799999999,0.16156708000000009,10
10.1002_pol.1982.170200202.json,0.064897915,0.03954477000000001,0.051869276469265445,0.016862799999999956,0.1735544,10
10.1081_ma-120013573.json,0.06378362949999994,0.04931961999999995,0.052469752181732714,0.0011907999999999364,0.21903266999999993,20
10.1002_macp.1961.020470113.json,0.06376032383,0.04275385499999995,0.05714167769066199,0.00036664999999999615,0.2208961499999999,100
10.1080_00222337708061267.json,0.06361423531666671,0.04323782500000006,0.07476685339194834,0.0004199949,0.3074628400000001,30
10.1002_pol.1974.170121209.json,0.06285302230000006,0.047508005000000096,0.05741278827078851,0.0010784599999998923,0.2458680700000001,30
10.1080_00222338408056553.json,0.06282563700000007,0.03832674000000011,0.05044491339524361,0.011106180000000077,0.13119330000000012,10
10.1080_10601329508013679.json,0.06207851059999998,0.05069506999999997,0.0465364783928836,0.000603910000000013,0.18348917999999992,90
10.1002_pol.1982.170201009.json,0.06175997110999991,0.051341704999999904,0.05101718018613754,0.0008622339999999999,0.14172404999999982,20
10.1002_pol.1963.100010401.json,0.06152673049999998,0.05649760999999992,0.05099756028655027,0.0014248599999999723,0.23468650000000013,40
10.1002_pol.1963.100010325.json,0.06152673049999998,0.05649760999999992,0.05099756028655026,0.0014248599999999723,0.23468650000000013,40
10.1002_pol.1963.100010406.json,0.06152673049999998,0.05649760999999992,0.05099756028655027,0.0014248599999999723,0.23468650000000013,40
10.1002_pola.1989.080270130.json,0.061498380000000054,0.06813222000000013,0.050206453042141955,0.0011121999999998966,0.18894229000000012,30
10.1016_0032-3861(93)90755-y.json,0.061177602500000074,0.05822531000000011,0.047443686929434147,0.0016691699999999143,0.11597746000000012,20
10.1021_ed062p173.json,0.060256368000000025,0.05678866500000013,0.030210056070985078,0.00940120000000011,0.11464220000000014,10
10.1080_10601325.2016.1176447.json,0.06012010559999993,0.05670352999999989,0.029955511959668887,0.005090499999999998,0.13965850000000002,50
10.1002_pol.1973.170110608.json,0.059891908000000035,0.0315660300000001,0.07591703555406394,0.0046450899999998935,0.2024733600000001,10
10.1002_pol.1966.150041108.json,0.0593591930000001,0.06037445000000009,0.01673701675676916,0.03105072000000003,0.08714334000000018,20
10.1002_pol.1983.170210806.json,0.05912641866666668,0.03251310000000007,0.05136576209572049,0.0020280300000000973,0.1466178,30
10.1002_pola.1986.080241203.json,0.05900922599999999,0.03239903500000001,0.05846598689102294,0.0016049300000000044,0.16758689999999998,20
10.1002_app.24726.json,0.058541517999999945,0.04246202000000002,0.05356186995090375,0.009633670000000094,0.19568329999999992,10
10.1002_pola.10140.json,0.05849867766666669,0.05356423500000003,0.04105734999001271,0.0013457000000000052,0.14740483999999998,30
10.1007_BF00306232.json,0.0579299754000001,0.05096436000000011,0.03670872426713351,0.0038567170000000997,0.1448836200000001,30
10.1002_pol.1977.170150106.json,0.05781844756666662,0.045001735000000015,0.055882560943644355,0.0012094700000001013,0.22994159999999988,30
10.1002_bscb.19580670304.json,0.057400047433333365,0.04314111000000008,0.05749809696709928,0.0021001500000000783,0.23551376000000007,30
10.1002_actp.1983.010340113.json,0.05580804115000014,0.04705693000000016,0.042255679270200235,0.003454540000000117,0.16570303000000014,20
10.1002_app.20966.json,0.055306475833333306,0.03443552500000005,0.04716390198830366,0.00042104000000009467,0.15375867999999998,60
10.1142_s0256767909004011.json,0.055284051333333355,0.03889967,0.04326445154046044,6.33399999999118e-05,0.13796364999999997,30
10.1002_pola.1989.080270233.json,0.05509576680000004,0.05866398500000005,0.020771279091139364,0.022126700000000096,0.095345366,20
10.1016_j.polymer.2004.07.030.json,0.05491818024999997,0.04473885000000005,0.053386360647994485,0.0008632000000001749,0.23277533000000017,40
10.1002_pi.5594.json,0.053845936000000004,0.05914845000000013,0.04010617845032002,0.003359800000000135,0.1345415000000001,20
10.1016_0032-3861(68)90077-3_.json,0.05374499704,0.025851399999999997,0.059207725062587875,0.0015790549999999993,0.2664131199999999,60
10.1002_pol.1963.100010635.json,0.05340973949999996,0.05327380999999995,0.041588380693364374,0.0006675700000000062,0.15874219999999994,20
10.1002_pol.1963.100010138.json,0.05340973949999996,0.05327380999999995,0.04158838069336438,0.0006675700000000062,0.15874219999999994,20
10.1295_polymj.pj2006180.json,0.052352841000000074,0.041111610000000076,0.05305178920237404,0.00417488999999982,0.18122936000000006,20
10.1002_pol.1953.120110508.json,0.05228721931333338,0.040033865000000085,0.05413456262650261,0.0005709380000002004,0.23784664,30
Polymer_Science_USSR_2.6_(1961)__457.json,0.0515360797,0.0368839445,0.04474038752042555,0.013733294,0.16686602,10
10.1081_ma-200063144.json,0.05132186149999999,0.04177491999999988,0.04016101884791757,0.007533009999999729,0.17439005000000007,40
10.1002_pol.1977.130150603.json,0.05129988249999999,0.02954822,0.09256133256744044,0.004939660000000123,0.4352505500000001,20
10.1021_ed049p367.json,0.05117414099999999,0.048278685,0.0251733277041247,0.00536086999999999,0.09091484000000002,20
10.1016_0032-3950(81)90306-3.json,0.051105899124999965,0.05739336000000004,0.026718761394199177,0.002310689999999893,0.10820005,40
10.1002_pen.22045.json,0.0508163,0.0473716799999999,0.021634657843911408,0.016638780000000103,0.11082986000000011,20
10.1021_ja01156a073.json,0.05076537953200004,0.040087523799999934,0.05173138072315728,0.0009265700000000016,0.2188132999999999,50
10.1016_0032-3861(94)90918-0.json,0.05074765930000011,0.0347334700000001,0.03408774512447607,0.0035005400000001075,0.1285929100000002,60
10.1002_macp.1982.021831106.json,0.05066981748749999,0.03280269000000001,0.05290762259971978,0.00021494999999990827,0.28270796000000004,160
10.1002_pol.1975.170130204.json,0.05046068899999998,0.044678207500000004,0.033188778659118574,0.008407909999999894,0.14053318000000012,30
10.1002_pola.24522.json,0.05041169899999988,0.03323564999999978,0.032884607718073985,0.017682000000000198,0.10241371999999982,10
10.1002_pol.1967.150050606.json,0.05007749805000002,0.033955216499999996,0.04428897080870264,0.007849769999999867,0.1604356400000001,20
10.1002_macp.200700026.json,0.04999523040000003,0.05251069800000004,0.036846483277453504,0.00036252999999990265,0.13787702,20
10.1002_macp.1996.021971120.json,0.04968099500000003,0.049958504999999986,0.02729722937098382,0.0038246000000004,0.12207240000000019,40
10.1002_(sici)1521-3919(19980101)7_1_97__aid-mats97_3.0.co;2-7.json,0.047414671999999894,0.05335064499999989,0.03258409624405934,0.004203919999999889,0.10962163999999988,20
10.1002_pola.1990.080280502.json,0.04735708899999995,0.042562604999999976,0.02539371958235881,0.01718204000000012,0.10051169999999987,10
10.1139_v51-031.json,0.047168656218,0.016401739,0.06510764732995038,0.0007612700000000005,0.17822010000000002,20
10.1002_pol.1963.100010645.json,0.046475752870000026,0.0419858200000001,0.03328990688121306,0.0018093829999999977,0.17188899,50
10.1016_0032-3861(75)90103-2.json,0.04629548450000001,0.02526783349999995,0.06201083422009962,0.0015646419999999009,0.22712654999999998,30
10.1016_0032-3950(69)90412-2.json,0.04618596300000009,0.0462483350000001,0.035457442257589955,0.0004885400000001205,0.1523474300000001,30
10.1002_actp.1983.010340112.json,0.04608547599999995,0.05049121999999984,0.0391938083776495,0.0010385999999996676,0.13336416999999984,20
10.1002_(sici)1099-0518(20000101)38_1_60__aid-pola8_3.0.co;2-f.json,0.04575181550000015,0.045396550000000147,0.020429850017395296,0.011377050000000194,0.08041327000000009,20
10.1002_pol.1984.170221002.json,0.04567627199999992,0.03464872499999991,0.027790991118371335,0.009503879999999909,0.10069136999999989,10
10.1002_pol.1964.100021114.json,0.044689512680000085,0.029104858500000146,0.0522910961434785,0.0005563849999998954,0.2801753400000001,50
10.1002_pola.1994.080320707.json,0.0441590984,0.035617415,0.03104293950630176,0.008547189999999996,0.11500797,20
10.1016_s0032-3861_99_00117-2.json,0.04293983050000003,0.04003004000000005,0.025927964977984552,0.0005797999999999082,0.09864671,40
10.1016_s0032-3861(99)00117-2.json,0.04293983050000003,0.04003004000000005,0.025927964977984552,0.0005797999999999082,0.09864671,40
10.1002_pola.20882.json,0.04273889899999998,0.0482148,0.033614298213292926,0.00012646000000005042,0.08765970000000001,10
10.1080_00222338308081082.json,0.042362212875000055,0.028528715000000048,0.04979992491902195,0.0028310800000001003,0.28738950000000013,40
10.1002_macp.1981.021820412.json,0.041861246484999996,0.019918770000000002,0.05781595826470516,0.00055587,0.23504329999999998,20
10.1016_0032-3950(65)90403-X.json,0.04174025350000008,0.0425780850000001,0.026908154208086486,0.008837080000000108,0.09818230000000011,20
10.1002_mats.202100048.json,0.04144092499999999,0.04405027300000005,0.031589777110274525,0.0016635000000000955,0.11326317000000001,20
10.1002_pol.1983.170211015.json,0.041432553324999996,0.022943522249999997,0.04028923821612684,0.0014905459999999954,0.12949913000000002,20
10.1021_ma00142a004.json,0.04018066586550002,0.017226134499999997,0.05109443639904284,0.00014305299999999715,0.2655237800000001,60
10.1007_BF00262121.json,0.04002299300000001,0.027223305000000003,0.03475989729366775,0.0031841200000001235,0.1273048399999999,10
10.1002_pol.1961.1205015330.json,0.03988190900000005,0.026013670000000114,0.04359936072218992,0.0016064499999998982,0.14625164000000013,10
10.1007_BF00256313.json,0.039553651499999995,0.030054399999999995,0.03564926267874216,0.0017880249999999986,0.15603277000000004,20
10.1002_(sici)1097-4628(19980118)67_3_559__aid-app18_3.0.co;2-q.json,0.03927273526666668,0.025245129000000047,0.049982173086713044,0.0001811059999998997,0.21082426999999998,30
10.1002_macp.1984.021850311.json,0.038738077225000014,0.03467709,0.02765488918073437,0.0010667339999999997,0.12557867,40
10.1002_actp.1990.010410506.json,0.038395568500000046,0.026127004999999995,0.04308865804843722,0.0007604000000001054,0.17098858000000008,40
10.1002_pol.1983.170210811.json,0.038283726500000004,0.031553865000000014,0.03652505487747545,0.0004472699999999996,0.15286443000000002,20
10.1002_app.20392.json,0.03763390980000006,0.030017858000000154,0.020611006928858273,0.002668899999999891,0.08979253999999989,30
10.1007_BF00256295.json,0.037173963525,0.016216361999999998,0.055484235135479655,0.007778715999999998,0.19965568,20
10.1002_app.1994.070531217.json,0.03705341000000001,0.03237000000000001,0.01999075814737216,0.017691800000000035,0.09191730000000004,20
10.1002_app.1994.070531307.json,0.03705341000000001,0.03237000000000001,0.019990758147372157,0.017691800000000035,0.09191730000000004,20
10.21767_2472-1123.100006.json,0.03701354100000002,0.025495784999999938,0.03211605833485716,3.0999999999781203e-06,0.11918385999999997,40
10.1007_BF00297320.json,0.036323726250000035,0.029165295000000063,0.02991666222762049,0.0014237400000000067,0.11858057000000008,20
10.1016_s0032-3861(97)00249-8.json,0.035901904000000054,0.02931420000000004,0.02718206150954852,0.008418589999999976,0.10760746000000007,20
10.1002_pol.1965.100030215.json,0.03567958350000004,0.0291607595,0.026840726870323604,0.0011942130000000967,0.09675687,40
10.1002_macp.1972.021530103.json,0.035406722839999974,0.026343402999999953,0.03778475735844246,0.002056749999999996,0.1987844699999999,40
10.1002_pol.1965.100030209.json,0.034922883174999995,0.0155556255,0.04660020658525165,0.0002124649999999985,0.20036472,40
10.1002_pol.1983.170210619.json,0.03428596599999989,0.03129217999999989,0.017985854968077426,0.00657704999999989,0.06280701999999988,10
10.1002_app.34510.json,0.03360060299999997,0.024476984999999993,0.027786748820770646,0.005681379999999903,0.09628946999999993,20
10.1295_polymj.6.185.json,0.0335662457766,0.014441362,0.03655724750457271,0.0052935107,0.10883709,10
10.1002_macp.1966.020910111.json,0.0327992479300002,0.0285554990000002,0.021571419588555813,0.0026300303000002,0.0691376300000002,10
10.1002_pola.1989.080270301.json,0.032616730000000003,0.030852995000000008,0.017566606730465742,0.005350640000000018,0.06979924000000001,10
10.1002_pol.1948.120030519.json,0.032387880745714345,0.018130822000000102,0.03156096910440361,0.0001911980000000972,0.1072995750000002,70
10.1021_ma00120a003.json,0.032367619266666724,0.02329972350000005,0.024542572489597538,0.00032782999999990403,0.08502340500000011,30
10.1002_pola.1994.080321212.json,0.032304908500000104,0.031057401000000102,0.02043065062731716,0.002268819000000099,0.0702734250000001,10
10.1016_0032-3950(64)90501-5.json,0.03191744642857142,0.026315119999999984,0.02592056576006925,0.00013746999999991738,0.11065396999999991,70
10.1016_0014-3057_95_00157-3.json,0.0318896276000001,0.0281303390000001,0.015990073577810116,0.009197356000000101,0.05991908400000011,10
10.1007_bf02074484.json,0.031466796000000005,0.02312483,0.029904262895206174,0.000126779999999993,0.07887699000000001,10
10.1021_ma0201983.json,0.031302466999999924,0.029625259999999903,0.01859512009650561,0.003989549999999897,0.060069799999999896,10
10.1002_pol.1951.120060209.json,0.03068433560699994,0.020423636,0.025288783276294614,0.00039105389999990006,0.08145464999999988,40
10.1295_koron1944.28.206.json,0.0298876572,0.02059647,0.028779209289054402,2.1504999999998053e-05,0.09286615000000001,10
10.3390_pr3040749.json,0.02756386150000001,0.02626572000000004,0.018546154573403827,4.099999998952164e-07,0.07171848,40
10.1002_pol.1975.170131117.json,0.026346487977777753,0.02188771999999995,0.020857025095287435,0.0007027299999999015,0.0893883,90
10.1246_bcsj.39.2257.json,0.025951796879999982,0.018498745,0.022484241730034157,0.0003353299999999948,0.09581358000000001,50
10.1002_pi.4990270113.json,0.02538298360000004,0.020305778000000052,0.017412118847559745,0.0010552600000000023,0.06148652000000011,20
10.1002_pol.1972.170101013.json,0.025174926250000014,0.00671320035,0.04249290602419401,0.0008464032999999381,0.13528670000000007,10
10.1002_pol.1959.1203913516.json,0.024896996866666694,0.0201901380000001,0.025228892674724925,0.0005475419999999009,0.1357989400000001,30
10.1007_BF00255252.json,0.024891039500000003,0.020346849999999903,0.020641505770012974,0.0007618999999998988,0.08119720000000008,20
10.1002_app.1995.070571302.json,0.02443137180000007,0.0214191625000001,0.017233745111789163,0.0016241930000001,0.0573420500000001,20
10.1002_pol.1979.170171024.json,0.024326335000000063,0.0142758300000001,0.027017686363754716,0.0001286499999998969,0.08418003000000011,20
10.1002_macp.1964.020780109.json,0.02421909310199998,0.017909331499999997,0.024811578298225067,0.0006902879999999001,0.12570615000000002,50
10.1016_0014-3057(92)90211-j.json,0.02392204746,0.014994074,0.022534060990873857,0.0018295102,0.067178115,10
10.1002_pola.10368.json,0.023422623999999996,0.021706594999999995,0.013740332914014055,0.00912099999999999,0.04946275,10
10.1002_app.21376.json,0.022675711000000005,0.02032767499999999,0.01771062870854934,0.002844789999999986,0.07151693,30
10.1246_bcsj.35.57.json,0.02201641399999999,0.010796324999999982,0.028506246851190728,0.0010838000000001902,0.07967265999999981,10
10.1002_pol.1982.170201008.json,0.021841906000000043,0.02682611000000011,0.013073074544578045,0.0001957499999998974,0.034552000000000097,10
10.1002_app.1992.070451103.json,0.02129734533500004,0.011495440000000055,0.02974877525440216,0.0005377529999998978,0.1240451700000001,20
10.1080_00222337008060982.json,0.02053021747300001,0.011817517,0.026484582825782265,0.00039465597,0.11390517,40
10.1002_pol.1984.170221006.json,0.02026737800000003,0.017187724999999987,0.020176146196922408,0.0003932499999999006,0.07806527000000008,20
10.1016_s0014-3057(96)00054-7.json,0.02018960108,0.022621833500000004,0.0122072664132951,0.0021194130000000005,0.040101134399999995,10
10.1002_mren.201800003.json,0.019016345999999993,0.019344130000000015,0.013673464252548255,0.001112900000000111,0.06077365000000001,30
10.1002_mrc.3811.json,0.01895272000000007,0.01728831,0.015205903280976218,0.0007359999999996814,0.054927720000000346,10
10.1002_pi.1238.json,0.01835948780000005,0.01821200499999992,0.008745494816382536,0.0008260800000000623,0.03802529000000043,50
10.1002_pol.1968.150061018.json,0.017311293583333335,0.0096086165,0.01645989532566702,0.00013804799999999826,0.07273291,30
10.1002_pol.1971.150091021.json,0.016997130966666656,0.014535214999999907,0.014150075922561409,0.0007284099999999016,0.06858323,30
10.1002_app.30804.json,0.016787546999999986,0.011728009999999942,0.01568379065436671,1.5729999999991584e-05,0.05132265999999999,20
10.1016_0032-3861(90)90135-l.json,0.01666805000000004,0.013838280000000008,0.011906630379402525,0.0014549499999998994,0.035322849999999906,10
10.1002_app.34012.json,0.014246269999999978,0.013222529999999996,0.008834816752271105,0.0017942099999999905,0.033924239999999994,20
10.1016_0032-3950(83)90410-0.json,0.0141189841615,0.009477789,0.012665970461131097,0.0005881629299999999,0.0481608,20
10.1002_pol.1969.150070224.json,0.013632779820000001,0.0056731305,0.019404681781254863,0.0037661511,0.065429054,10
10.1002_pola.1995.080331410.json,0.01156908347400001,0.0074497012999999255,0.008737479408259839,0.001111648199999952,0.0330866720000001,50
10.1002_pol.1973.170111020.json,0.010152885397999984,0.006629602999999972,0.00986187602169066,0.0004217149799999425,0.030590855,20
10.1016_0032-3950(86)90274-1.json,0.009660783820000001,0.0092815325,0.005376000257570647,0.0003096386000000003,0.019312852,10
10.1016_0032-3950(76)90198-2.json,0.00895447034266664,0.009809122000000099,0.0053741193121350644,0.0003538844999999005,0.0203247579999999,30
10.1002_app.1393.json,0.007740533000000022,0.006499519999999995,0.007448882236731218,0.000557770000000124,0.024245180000000116,10
